Date,Type,DoW,05 ~ 06,06 ~ 07,07 ~ 08,08 ~ 09,09 ~ 10,10 ~ 11,11 ~ 12,12 ~ 13,13 ~ 14,14 ~ 15,15 ~ 16,16 ~ 17,17 ~ 18,18 ~ 19,19 ~ 20,20 ~ 21,21 ~ 22,22 ~ 23,23 ~ 24,00 ~ 01,01 ~ 02
2016.1.1,on,Fri,1187,909,562,568,604,777,858,1183,1425,1629,1895,2268,2549,2524,2386,2486,3333,3481,2054,0,0
2016.1.1,off,Fri,110,551,635,1066,1809,1506,1553,2123,2366,2519,2344,2861,3259,3202,2529,1925,1610,1351,913,2,0
2016.1.2,on,Sat,402,509,515,747,1056,1368,1808,2492,3075,3451,3995,4928,5544,4643,3537,3754,4982,5591,3423,0,0
2016.1.2,off,Sat,118,548,889,2372,4396,3613,3314,4357,5205,4894,4447,4544,5552,5689,3703,2622,2354,1764,1534,5,0
2016.1.3,on,Sun,646,547,473,600,895,917,1245,1707,1983,2317,2734,3370,3642,3526,3084,3493,4327,3835,1812,0,0
2016.1.3,off,Sun,64,421,609,1206,2412,2069,2413,3138,3969,3529,3384,3569,3863,3516,2490,1846,1502,1092,711,0,0
2016.1.4,on,Mon,234,767,2029,3475,2475,2548,3292,4192,5531,5549,6020,7061,8748,14790,11444,8796,10603,9684,3757,743,0
2016.1.4,off,Mon,345,2776,9394,16257,15901,6407,5356,5234,6472,5138,5069,4723,5815,9121,6911,3046,2164,1661,979,389,0
2016.1.5,on,Tue,331,761,2250,3441,2513,2515,3387,4236,5637,5494,6015,7061,8736,14517,10999,8605,10978,10174,4200,813,0
2016.1.5,off,Tue,284,2728,8171,16342,16255,6593,5427,5299,6649,4982,4551,4862,5429,9389,8151,3105,2173,1795,1084,385,1
2016.1.6,on,Wed,360,758,2187,3409,2464,2442,3290,4105,5773,5344,6136,7235,9338,14714,10737,8283,10751,10864,4696,953,1
2016.1.6,off,Wed,291,2647,8584,16802,15040,6504,5784,5327,6512,5274,4674,4767,5641,10256,7923,3061,2419,1989,1142,398,1
2016.1.7,on,Thu,335,700,2098,3395,2538,2345,3301,4112,5716,5259,6163,6890,8810,14334,11073,8417,11253,10816,4951,972,0
2016.1.7,off,Thu,285,2539,8271,16981,14856,6493,5747,5443,6385,5222,4757,4755,6025,10088,8520,3224,2376,1944,1319,407,0
2016.1.8,on,Fri,384,699,2055,3442,2675,2373,3387,4239,5637,5319,6343,7168,9655,15749,11886,8220,10060,11572,7766,1709,0
2016.1.8,off,Fri,309,2441,8111,16054,15265,6715,5579,5693,6583,5368,4909,5071,6620,11905,12237,5380,3070,2609,1864,693,0
2016.1.9,on,Sat,743,753,745,1160,1393,1836,2524,3823,5426,5418,6288,7547,8332,7146,5064,5159,6495,7902,4450,0,0
2016.1.9,off,Sat,161,909,1451,3807,7019,5578,4943,6112,8402,6659,6392,6376,7931,8014,5417,3292,2763,2241,1661,15,0
2016.1.10,on,Sun,697,676,541,690,999,1083,1390,1961,2873,3090,3328,3812,4347,4079,3762,3744,4778,4139,1813,1,0
2016.1.10,off,Sun,111,444,587,1388,3216,2560,2794,3780,4728,4089,3629,3839,4432,3516,2734,1842,1482,1218,757,1,0
2016.1.11,on,Mon,295,776,2090,3348,2630,2338,3375,4121,5688,5218,6186,7078,8839,14377,11146,8688,10771,10023,3664,754,0
2016.1.11,off,Mon,325,2684,8858,17217,15231,6585,5662,5116,6661,5028,4643,4872,5631,9118,7193,2841,2082,1715,955,342,0
2016.1.12,on,Tue,352,707,2185,3503,2514,2338,3426,4259,5681,5235,5983,6984,8927,14756,10858,8470,10731,10608,4109,791,0
2016.1.12,off,Tue,301,2612,8430,15604,16252,6502,5842,5337,6505,5188,4857,4629,5669,9270,7822,2950,2101,1913,1020,417,0
2016.1.13,on,Wed,352,782,1877,3755,2662,2441,3464,4119,5850,5251,6128,7442,9205,15111,10929,8188,10992,11141,4771,1046,0
2016.1.13,off,Wed,280,2552,8765,16490,14785,6641,5685,5149,6348,5143,4941,4927,6396,9853,8166,3302,2258,1962,1212,384,0
2016.1.14,on,Thu,384,688,2167,3587,2589,2451,3260,4220,5783,5164,5947,6973,8780,14178,10863,8276,11027,11263,5264,1099,0
2016.1.14,off,Thu,283,2486,8203,16438,15214,6556,5777,5202,6878,4876,4916,4874,6175,9824,8647,3348,2169,2100,1424,500,0
2016.1.15,on,Fri,364,717,2078,3429,2574,2431,3344,4208,5734,5086,6284,7171,9362,15603,11785,8312,9810,11254,7186,1737,4
2016.1.15,off,Fri,277,2467,7983,15906,15073,6500,5743,5523,6280,5578,4986,5198,6627,11222,12253,4860,2951,2721,1836,758,73
2016.1.16,on,Sat,722,762,713,1093,1377,1773,2602,3752,5642,5480,5695,7339,8264,7162,5177,5006,6358,7819,4266,1,0
2016.1.16,off,Sat,166,836,1527,3762,6998,5604,5388,6286,7646,7008,6170,6345,7342,7331,4985,2917,2533,2232,1647,10,0
2016.1.17,on,Sun,665,673,471,663,1049,1100,1422,1996,2584,2893,3092,3684,4236,4142,3577,3658,4534,4153,1708,0,0
2016.1.17,off,Sun,67,443,597,1398,3066,2432,2767,3731,4648,3811,3582,3597,4054,3562,2484,1816,1520,1215,690,0,0
2016.1.18,on,Mon,267,785,1801,3395,2734,2347,3315,4102,5575,5016,5800,7053,8428,14228,11063,8501,10313,9831,3398,608,0
2016.1.18,off,Mon,314,2502,8683,16732,14662,7115,5609,5051,6549,4929,4607,4767,5396,8537,6777,2883,1999,1559,846,347,0
2016.1.19,on,Tue,319,699,2124,3369,2493,2091,3196,4015,5398,4626,5628,6474,8146,13800,10589,7999,10243,9325,3561,650,0
2016.1.19,off,Tue,262,2185,8330,16015,14442,6508,5420,4949,5847,4432,4304,4245,5180,8299,6669,2569,1935,1533,900,309,0
2016.1.20,on,Wed,305,688,2053,3306,2499,2238,3253,3956,5444,4762,5801,6685,8675,14470,10801,7952,10489,10375,4253,872,0
2016.1.20,off,Wed,296,2341,8317,15836,15058,6610,5329,4981,6447,4763,4662,4482,5376,9295,7451,2794,2135,1719,1132,389,0
2016.1.21,on,Thu,378,735,2010,3362,2532,2209,3322,3967,5611,4837,5704,6639,8320,13703,10497,8279,10775,10612,4973,894,0
2016.1.21,off,Thu,268,2319,8051,16017,14224,6552,5590,5122,6125,5074,4606,4501,5673,9445,7815,3139,2449,1959,1272,409,0
2016.1.22,on,Fri,370,734,2011,3391,2529,2148,3365,4339,5367,5035,5942,6886,9057,15089,11378,8279,10088,11407,6963,1611,0
2016.1.22,off,Fri,296,2285,7922,16181,14277,6425,5640,5084,6156,4942,5238,4881,6260,11465,11231,4854,3063,2456,1746,702,2
2016.1.23,on,Sat,681,751,608,1014,1357,1742,2498,3761,5172,5252,5699,6994,7975,6785,4809,4935,6268,7025,3650,0,0
2016.1.23,off,Sat,148,782,1420,3605,7016,5740,4889,6063,7156,6438,6058,5116,6857,6888,4440,2883,2161,1903,1127,215,0
2016.1.24,on,Sun,488,551,402,589,782,852,1198,1870,2422,2438,2752,2915,3416,3255,2769,2787,3574,3246,1359,0,0
2016.1.24,off,Sun,78,368,571,1334,2890,2201,2701,2890,3725,2861,2590,2701,2864,2788,1974,1468,1183,935,563,0,0
2016.1.25,on,Mon,244,723,1867,3235,2535,2137,3161,3885,5219,4567,5720,6576,7960,13725,11254,8328,10059,9435,3810,680,0
2016.1.25,off,Mon,255,2319,8217,15826,14924,6585,5244,4711,5983,4918,4560,4349,5221,8263,6906,2804,2084,1569,1020,304,0
2016.1.26,on,Tue,319,646,1712,3420,2770,2451,3146,4114,5364,4838,5867,6782,8331,13896,11214,8142,10575,10295,4360,856,0
2016.1.26,off,Tue,276,2317,8210,15579,14485,7415,5583,5290,6336,5250,4675,4388,5577,9148,7599,2921,2102,1725,1117,332,1
2016.1.27,on,Wed,347,717,2117,3345,2712,2414,3219,4158,5574,4919,5825,6786,8745,14692,11054,8195,10508,11095,4886,958,0
2016.1.27,off,Wed,297,2326,8153,15658,14463,6893,5417,4884,6621,5384,4581,5255,5956,10101,8466,3152,2308,1865,1315,404,0
2016.1.28,on,Thu,364,720,2017,3354,2756,2479,3174,4083,5545,4945,5711,6668,8268,13395,10404,8185,10540,10955,4952,952,0
2016.1.28,off,Thu,290,2256,7767,16238,14047,6563,5461,4950,6251,5179,4946,4650,6055,9652,8331,3270,2493,1966,1337,435,1
2016.1.29,on,Fri,379,706,1978,3316,2631,2313,3138,3903,5165,4913,5874,6818,8603,14691,11403,8168,9841,11157,6862,1752,0
2016.1.29,off,Fri,279,2225,7746,15751,13676,6436,5464,5000,6177,5213,4894,5233,6286,11138,11227,4841,3032,2658,1904,770,1
2016.1.30,on,Sat,700,720,719,981,1309,1869,2592,3714,5667,5680,6170,7522,8329,6916,5327,5267,6646,7660,4045,0,0
2016.1.30,off,Sat,176,807,1515,3686,6966,6102,5078,6339,7838,7025,6020,5881,6748,7668,4957,3251,2663,2206,1697,5,0
2016.1.31,on,Sun,619,673,489,698,978,1063,1358,1953,2553,2938,3188,4117,4423,4082,3627,3873,4810,4116,1795,0,0
2016.1.31,off,Sun,80,453,647,1450,2960,2448,2524,4003,4851,4185,3467,3782,4227,3514,2663,1853,1627,1104,684,6,0
2016.2.1,on,Mon,316,781,1786,3166,2438,2328,2958,3724,5329,4694,5414,6465,7753,13712,11352,8224,10344,9523,3646,666,0
2016.2.1,off,Mon,320,2511,8579,16129,14862,6207,4895,4619,5899,4869,4476,4226,5286,8029,6642,3026,1961,1560,884,341,0
2016.2.2,on,Tue,353,658,1966,3198,2418,2338,3198,3941,5237,4909,5480,6871,8319,13972,11080,8478,10783,10041,4115,833,0
2016.2.2,off,Tue,279,2442,8135,15744,15403,5855,5260,4765,6193,5288,4627,4603,5523,8493,7840,2914,2114,1630,1067,358,0
2016.2.3,on,Wed,329,676,1940,3227,2373,2257,3103,3904,5265,5062,5534,6602,8359,14254,11042,7964,10670,11268,4906,928,0
2016.2.3,off,Wed,265,2390,8510,15783,14605,6525,5047,4773,6628,5020,4582,4574,5471,9470,8260,3119,2123,1908,1060,421,15
2016.2.4,on,Thu,366,678,1950,3057,2380,2200,2961,3874,5454,4941,5622,6541,8052,14039,10727,8172,10418,11049,5313,1193,0
2016.2.4,off,Thu,269,2305,7885,15342,14820,5953,5186,4964,6031,4925,5150,4494,5587,9184,8642,3175,2317,1800,1329,469,0
2016.2.5,on,Fri,390,717,1856,3065,2331,2141,3210,4118,5570,5785,7348,9106,11060,13548,9132,7008,8600,9050,5166,1200,0
2016.2.5,off,Fri,268,2280,7509,15232,13668,6413,5048,4770,6124,5364,5229,5692,7490,9735,8308,3559,2371,2062,1341,568,1
2016.2.6,on,Sat,595,607,475,751,1082,1332,1769,2720,3348,3608,4000,4553,4787,4275,3527,3448,4276,5054,2330,0,0
2016.2.6,off,Sat,107,554,1074,2659,5288,4120,3670,4162,4922,4269,3829,3654,3961,4067,2642,2100,1707,1285,1105,2,0
2016.2.7,on,Sun,426,461,377,464,639,753,870,1138,1220,1467,1569,1666,2022,1979,1763,1730,2134,2070,922,0,0
2016.2.7,off,Sun,49,283,383,899,1705,1398,1422,1736,2134,1826,1677,1793,2022,1755,1252,983,753,666,407,1,0
2016.2.8,on,Mon,179,233,292,364,329,402,529,555,637,699,805,850,976,1010,959,1013,1331,1382,776,174,62
2016.2.8,off,Mon,37,207,281,329,503,533,749,883,967,1015,1157,1201,1389,1430,1232,999,837,745,543,148,58
2016.2.9,on,Tue,219,250,228,382,627,689,933,1244,1727,1651,2024,2541,2865,2790,2433,2529,3449,3815,2025,409,95
2016.2.9,off,Tue,65,554,709,1096,2413,1657,1784,2566,2901,2535,2736,2854,3396,3337,2401,1765,1513,1295,860,240,55
2016.2.10,on,Wed,355,389,371,662,939,1082,1589,2010,2830,2916,3424,4040,4537,4766,4278,4352,5214,5604,2192,0,0
2016.2.10,off,Wed,85,825,1560,2771,4822,3161,3171,3966,4807,4091,3877,3673,4041,4228,2959,1919,1410,1055,705,4,0
2016.2.11,on,Thu,297,691,2007,2818,2181,1976,2790,3584,5058,4622,5297,6389,7944,13534,11134,8037,10007,9465,4156,783,0
2016.2.11,off,Thu,291,2210,7542,15332,13169,5758,5294,4960,6057,5204,4471,4813,5453,8541,6944,2938,2094,1594,1043,382,0
2016.2.12,on,Fri,355,619,1799,2817,2253,2076,2927,3867,5266,4794,5680,6735,8440,14664,11346,8059,9681,10667,6338,1616,0
2016.2.12,off,Fri,264,1962,7326,14511,13710,6486,5410,5139,6012,5613,5041,5050,6100,9922,11532,4285,2783,2419,1565,660,3
2016.2.13,on,Sat,709,707,627,932,1437,1743,2403,3780,5424,5652,6188,8014,8100,7129,5414,4862,6065,6714,3839,47,0
2016.2.13,off,Sat,148,718,1425,3883,7295,6235,5461,6718,7680,7041,5902,5606,6806,6580,4480,2677,2575,1910,1390,188,0
2016.2.14,on,Sun,569,595,470,705,994,993,1299,1850,2593,3023,3306,3648,4312,4220,3608,3998,5009,4321,1890,0,0
2016.2.14,off,Sun,88,454,586,1351,3110,2465,2749,3815,4847,3952,3758,3882,3961,3525,2692,1970,1651,1098,685,1,0
2016.2.15,on,Mon,291,743,1898,3187,2481,2160,2901,3856,5116,4768,5413,6575,8159,14410,11494,8438,10462,9930,3851,772,0
2016.2.15,off,Mon,310,2348,8136,16323,14960,5942,5309,4695,6095,5184,4658,4507,5635,8123,7217,2978,2046,1645,1017,341,1
2016.2.16,on,Tue,335,662,1968,3207,2525,2186,2942,3885,5395,4966,5597,6510,8066,14126,10994,8522,10673,10496,4196,817,0
2016.2.16,off,Tue,255,2233,8142,16050,13990,6459,5265,4837,6381,5424,4937,4594,5790,8592,7914,3026,2170,1732,1028,355,0
2016.2.17,on,Wed,301,683,1997,3208,2478,2192,3055,3749,5228,4871,5545,6784,8713,14946,10969,8480,10942,11283,4959,1037,0
2016.2.17,off,Wed,272,2282,8354,15223,14288,6519,5323,5105,6435,5248,4618,5053,6019,9674,8732,3304,2307,2011,1076,419,0
2016.2.18,on,Thu,379,676,1920,3225,2541,2285,3133,3943,5324,4956,5475,6713,8050,14020,10993,8328,10861,11452,5147,1122,0
2016.2.18,off,Thu,259,2204,7814,15874,13766,6630,5280,5117,6453,5193,4883,4921,5774,9659,8407,3376,2422,2050,1233,433,0
2016.2.19,on,Fri,341,701,1901,3035,2511,2153,3090,4002,5163,5026,5625,6646,8868,14740,11853,8359,9814,11571,7295,1844,0
2016.2.19,off,Fri,271,2134,8004,15254,13447,6548,5416,5073,5855,5784,4870,5026,6396,10752,12476,4771,3153,2372,1894,827,0
2016.2.20,on,Sat,804,786,670,1142,1453,1745,2687,4022,5503,5575,6222,7705,8251,7488,5436,5078,6749,7834,4284,27,0
2016.2.20,off,Sat,149,885,1520,3823,7126,5551,5360,6274,7771,7913,5935,6292,7162,7817,5034,3638,2621,2374,1702,114,0
2016.2.21,on,Sun,622,656,508,835,1055,1084,1585,2350,2879,3148,3348,4094,4412,4337,3568,3894,4775,4568,1871,0,0
2016.2.21,off,Sun,108,436,616,1507,3520,2497,3125,4326,4521,4266,3659,4055,4177,3699,2813,1935,1575,1261,697,5,0
2016.2.22,on,Mon,261,688,1868,3029,2550,2156,2955,3785,4997,4622,5367,6380,7912,14023,11067,8246,10190,9710,3952,726,0
2016.2.22,off,Mon,309,2425,8549,15683,13601,6283,5220,4828,5983,5158,4603,4522,5435,8560,6726,2933,2080,1571,945,325,0
2016.2.23,on,Tue,291,646,1966,3134,2350,2112,3049,3952,5150,4570,5560,6415,8311,13751,10891,8347,11224,10489,4451,761,0
2016.2.23,off,Tue,275,2218,8113,15366,13693,6543,5149,5096,5936,5354,4584,4562,5663,9098,7694,3170,2110,1805,1090,386,0
2016.2.24,on,Wed,321,653,1833,3261,2533,2047,2953,3961,5028,4663,5529,6391,8499,14034,10679,8119,11164,10907,4904,1055,0
2016.2.24,off,Wed,276,2209,7809,15493,13611,6295,5134,4679,6273,4921,4679,4778,5638,9902,7917,3195,2259,1981,1166,412,7
2016.2.25,on,Thu,374,693,1921,3177,2497,2335,2932,3772,5330,4708,5364,6486,8132,13567,10640,8313,10596,11196,5399,1045,0
2016.2.25,off,Thu,273,2141,7937,15397,13224,6678,4975,5226,5630,5614,4435,5187,5791,9822,8183,3376,2292,2059,1294,463,0
2016.2.26,on,Fri,384,692,1845,3119,2453,2327,2909,4003,5096,4985,5698,6605,8695,14739,11726,8162,9697,11367,7199,1893,0
2016.2.26,off,Fri,275,2134,7697,15356,12831,6769,5026,4772,6112,5283,5126,5179,6276,11499,11235,4766,3298,2479,1721,853,16
2016.2.27,on,Sat,750,738,714,1024,1455,1914,2779,3766,5300,5248,6194,7254,7863,7229,5281,5062,6405,7410,4046,5,0
2016.2.27,off,Sat,158,812,1687,3835,7111,5681,5116,5999,7491,7479,5825,5832,6929,7130,5156,3414,2672,2162,1668,233,0
2016.2.28,on,Sun,693,632,583,744,1067,1075,1486,2097,2867,3202,3594,3896,4253,4140,3373,3649,4293,4200,1847,0,0
2016.2.28,off,Sun,66,437,684,1432,2980,2485,2786,3755,4516,4091,3498,3988,3899,3651,2544,1966,1614,1163,743,5,0
2016.2.29,on,Mon,278,726,1866,2896,2104,2118,2742,3568,4722,4451,5254,6248,7927,12675,10037,7798,9400,9878,5484,1412,0
2016.2.29,off,Mon,289,2053,7650,14345,11099,5647,4818,4476,6028,5214,4788,4999,5620,8745,8610,4056,2825,2080,1566,623,1
2016.3.1,on,Tue,609,588,494,642,881,957,1357,1745,2447,2644,3046,3826,4406,4382,3833,3954,5295,5139,1995,0,0
2016.3.1,off,Tue,110,724,1137,1995,3320,2724,2959,3775,4360,3891,3497,3647,4109,3705,2625,1868,1448,1066,671,2,0
2016.3.2,on,Wed,240,681,1961,3253,2355,1858,2505,3066,3763,3825,4368,5184,7180,12519,10362,7812,9325,9144,3571,732,0
2016.3.2,off,Wed,300,2043,8266,15001,11658,5056,4010,3455,4855,4101,3925,4019,4952,7997,6765,2912,2101,1583,1004,344,0
2016.3.3,on,Thu,329,706,2097,3184,2380,2245,2635,3162,4472,4192,4764,5399,7411,12617,10027,7718,10160,9838,4397,942,0
2016.3.3,off,Thu,281,2055,8276,15472,12600,5598,4383,3889,5024,4095,4163,4162,5322,8461,7348,3033,2097,1726,1043,452,0
2016.3.4,on,Fri,345,728,1972,3221,2277,2353,2851,3506,4590,4496,5200,5830,7960,13968,11071,8082,9540,11055,6241,1874,3
2016.3.4,off,Fri,314,2209,8166,15515,12596,5768,4397,4266,5105,4630,4475,4683,5997,9884,11331,4523,2973,2507,1738,797,43
2016.3.5,on,Sat,548,682,635,975,1235,1711,2670,3765,5328,5589,5726,6913,7536,6579,4481,4401,5386,6424,3637,52,0
2016.3.5,off,Sat,130,741,1492,3855,7181,5740,4863,5729,7292,6328,5773,5149,6447,6243,3945,2736,2098,1862,1469,161,0
2016.3.6,on,Sun,534,536,528,755,940,1064,1338,1920,2597,3155,3384,3935,4475,4385,3804,3790,4952,4406,1781,0,0
2016.3.6,off,Sun,92,425,651,1509,3189,2478,2955,3863,4757,3978,3427,4072,3780,3936,2768,2403,1632,1144,757,0,0
2016.3.7,on,Mon,223,678,1950,3211,2498,2195,2680,3363,4464,4203,4660,5773,7215,13195,10464,8033,10255,9727,3497,665,0
2016.3.7,off,Mon,318,2490,9199,15919,13559,5672,4243,4044,4651,4063,4004,3970,5276,8140,6921,2899,2082,1626,939,310,6
2016.3.8,on,Tue,289,702,2106,3420,2508,2191,2619,3275,4620,4183,4867,5722,7561,13288,10380,7879,10385,10176,3831,711,0
2016.3.8,off,Tue,308,2298,8594,15829,13251,5965,4407,4060,4658,4185,4021,3973,5200,8851,7244,2923,2182,1716,955,364,1
2016.3.9,on,Wed,273,665,2092,3344,2499,2209,2684,3303,4458,4085,4661,5400,7687,13412,10250,7874,10602,10453,4096,856,2
2016.3.9,off,Wed,301,2285,8391,13212,15263,6118,4408,3586,4956,3911,4111,3806,5105,9676,7569,2934,2154,1656,979,366,7
2016.3.10,on,Thu,300,688,2084,3322,2479,2198,2710,3415,4529,4082,4880,5456,7497,13141,10217,7900,10473,10689,4424,914,1
2016.3.10,off,Thu,277,2191,8482,15865,13075,5573,4201,3702,5113,4180,3787,4245,5112,9223,7858,3188,2116,2012,1235,468,2
2016.3.11,on,Fri,321,728,2027,3179,2498,2311,2792,3464,4725,4512,5203,5861,8457,14525,11454,8115,9184,11458,6949,1655,3
2016.3.11,off,Fri,285,2111,8119,15118,12849,6002,4277,4232,5140,4643,4388,4780,5985,10409,12207,4858,3196,2701,1845,753,65
2016.3.12,on,Sat,650,697,697,1139,1440,1781,2693,3957,5653,5534,6146,7110,8472,7352,5435,5183,6461,7688,3995,7,0
2016.3.12,off,Sat,161,869,1525,3895,7919,5722,5389,6317,8146,6745,5655,5918,7127,7141,5128,3186,2730,2096,1486,253,0
2016.3.13,on,Sun,555,677,535,747,1028,1049,1447,1898,2799,3108,3176,3761,4465,4434,3620,3844,4605,4257,1654,0,0
2016.3.13,off,Sun,90,392,715,1458,2980,2644,2875,3616,5051,4007,3466,3458,4169,3714,2736,1970,1520,1085,706,2,0
2016.3.14,on,Mon,242,688,1910,3193,2634,2113,2748,3274,4336,4092,4614,5414,7467,13467,10986,8296,10378,9685,3479,676,0
2016.3.14,off,Mon,312,2324,8904,15895,13075,6113,4125,3760,4687,4230,3886,3811,5375,8802,7599,3050,2295,1647,950,317,0
2016.3.15,on,Tue,301,753,2004,3369,2508,2079,2699,3183,4443,4167,4759,5556,7123,13288,10226,7937,10454,10015,4016,726,0
2016.3.15,off,Tue,289,2302,8829,16162,12765,5793,4181,3885,4685,3954,3692,3883,5133,8697,7569,2936,2204,1633,1092,346,0
2016.3.16,on,Wed,307,670,1996,3298,2668,2473,2809,3580,4381,3983,4744,5342,7748,13468,9862,7811,10393,10544,4326,805,0
2016.3.16,off,Wed,299,2235,8762,15218,12762,6152,4442,3647,4810,4083,3766,4063,5019,9260,8041,2982,2201,1830,1062,382,0
2016.3.17,on,Thu,292,710,1964,3321,2542,2166,2651,3384,4625,4222,4768,5510,7313,13284,9975,7944,10330,10472,4492,1008,0
2016.3.17,off,Thu,269,2215,8328,15519,13035,5954,4464,3977,4945,4039,3650,3982,5329,9122,8300,3073,2287,1994,1217,433,30
2016.3.18,on,Fri,361,714,1930,3186,2511,2201,2793,3634,4769,4489,5059,5996,8193,14093,10852,8214,9332,11488,6984,1781,0
2016.3.18,off,Fri,306,2086,7996,14922,12738,6091,4250,3905,5121,4711,4400,5008,5999,11252,11785,5078,3166,2600,2016,975,2
2016.3.19,on,Sat,764,725,781,1140,1517,2001,2873,4346,5922,5829,6438,7301,8381,7521,5236,5126,6514,7834,4193,48,0
2016.3.19,off,Sat,193,919,1608,3939,7786,5949,5474,6682,7991,6913,5767,6018,7542,7612,5465,3767,2834,2535,1705,286,0
2016.3.20,on,Sun,773,704,536,823,1172,1198,1700,2498,3064,3129,3361,4184,4497,4231,3669,3939,4780,4368,1705,1,0
2016.3.20,off,Sun,103,477,864,1726,3534,2880,3072,4336,4959,4281,3703,4126,4096,3762,2649,2035,1595,1344,614,126,0
2016.3.21,on,Mon,237,722,1973,3235,2493,2004,2675,3279,4394,3967,4671,5715,7139,12948,10355,7771,9886,9220,3376,630,0
2016.3.21,off,Mon,295,2359,8447,16038,12715,6115,4230,3603,4733,3896,3755,3567,5160,8058,6676,2883,2164,1608,1026,359,0
2016.3.22,on,Tue,292,709,2052,3376,2463,2227,2739,3284,4482,4013,4704,5488,7180,13090,10078,7683,10059,9683,3729,642,0
2016.3.22,off,Tue,301,2321,8070,15780,12726,5888,4447,3633,4683,3788,3818,3849,5200,8519,7260,2962,2216,1860,1013,488,4
2016.3.23,on,Wed,306,736,2009,3404,2537,2110,2658,3293,4453,3998,4559,5535,7513,13339,10033,7649,10326,10376,4144,831,0
2016.3.23,off,Wed,281,2186,7792,15553,13036,5982,4258,3794,4781,4077,3944,3815,5180,9162,8062,3054,2253,1922,1170,376,2
2016.3.24,on,Thu,311,741,1984,3382,2483,2177,2718,3195,4434,4230,4713,5515,7456,12814,10073,7778,10450,10034,4544,921,0
2016.3.24,off,Thu,295,2191,7564,15986,12537,5914,4558,3620,4787,4186,3548,4102,5260,8880,8002,3081,2318,2214,1209,475,0
2016.3.25,on,Fri,334,739,2001,3165,2348,2149,2947,3469,4716,4422,5094,6025,7993,14292,11207,7914,9568,10966,6992,1840,0
2016.3.25,off,Fri,277,2101,7202,15541,12351,6130,4548,3790,5026,4792,4393,4782,6241,11107,11354,5113,3290,2794,1830,877,1
2016.3.26,on,Sat,686,744,711,1223,1612,1939,3001,4295,6026,5627,5998,7373,7941,7096,5309,5187,6765,7356,4093,14,0
2016.3.26,off,Sat,191,886,1579,4004,7434,5961,5467,6360,8084,6946,5623,6166,7094,7585,4801,3453,2915,2347,1542,259,0
2016.3.27,on,Sun,600,638,543,776,1122,1167,1678,2300,3022,3095,3453,3907,4496,4573,3880,4191,4973,4535,1677,0,0
2016.3.27,off,Sun,77,470,779,1654,3212,2626,2836,3846,4950,4327,3628,4208,4173,4114,2944,1987,1670,1236,765,11,0
2016.3.28,on,Mon,270,698,1907,3214,2504,2109,2753,3192,4136,3958,4571,5400,6809,12682,10429,7540,9897,9005,3431,602,0
2016.3.28,off,Mon,320,2206,7858,15932,13039,5302,4067,3779,4384,4344,3793,3857,4859,7906,6934,3107,2094,1691,984,351,0
2016.3.29,on,Tue,292,749,2112,3337,2496,2050,2454,3051,4291,4059,4560,5288,7326,12885,9601,7280,9607,9475,3843,733,0
2016.3.29,off,Tue,293,2176,7460,15567,12620,5529,4327,3729,4588,3912,3639,3657,5150,8237,7353,2841,2104,1829,1019,315,0
2016.3.30,on,Wed,337,726,2106,3264,2428,2092,2507,3099,4178,3879,4510,5102,7167,12910,10015,7643,10128,10012,4388,889,0
2016.3.30,off,Wed,289,2064,7163,15366,12332,5573,4202,3495,4746,4224,3824,3901,5225,9006,8049,3108,2188,1928,1121,430,0
2016.3.31,on,Thu,355,701,1927,3234,2452,2150,2500,2922,3996,3827,4383,4924,6770,11755,9749,7529,9555,9999,4801,1073,0
2016.3.31,off,Thu,271,1938,7099,15057,11441,5271,4313,3556,4302,4061,3665,4004,5229,8382,7893,3219,2423,2186,1198,505,0
2016.4.1,on,Fri,331,717,1936,3140,2331,2064,2560,3228,4255,4278,5006,5583,7488,13688,10330,7383,8757,10369,6231,1564,0
2016.4.1,off,Fri,303,2050,6536,14404,11529,5347,4131,3827,4794,4193,4181,4578,5636,10151,11120,4786,3088,2673,2148,965,20
2016.4.2,on,Sat,669,814,725,1030,1486,1943,2715,4204,5512,5611,5963,6657,7168,6255,4718,4648,5932,6938,3660,7,0
2016.4.2,off,Sat,160,914,1619,3533,6784,5320,4915,5739,7058,6163,5570,5125,6511,6957,5185,3405,2836,2329,1869,173,0
2016.4.3,on,Sun,583,644,547,727,1037,1112,1505,2273,2845,2978,3218,3508,3770,3815,3275,3638,4073,3914,1608,0,0
2016.4.3,off,Sun,103,472,734,1436,3002,2436,2580,3610,4194,3919,3321,3513,3768,3593,2559,1882,1519,1175,686,0,0
2016.4.4,on,Mon,259,681,1870,3165,2337,2206,2737,3140,4378,3948,4623,5449,6802,12646,10308,7529,9443,8804,3083,611,0
2016.4.4,off,Mon,293,2373,8133,15609,13132,5713,3950,3773,4649,3670,3734,3613,4660,7664,6747,2866,2063,1745,919,383,1
2016.4.5,on,Tue,296,694,2043,3395,2466,2264,2664,3290,4509,4056,4577,5348,7138,13192,9942,7818,9925,9520,3607,687,0
2016.4.5,off,Tue,285,2335,7505,15675,13294,5585,4103,3780,4465,3763,3808,3646,4863,8275,7282,3120,2286,2045,1060,412,1
2016.4.6,on,Wed,291,680,2058,3422,2419,2113,2547,3162,4561,4088,4564,5208,7350,13735,9892,7339,9850,10048,4084,859,1
2016.4.6,off,Wed,289,2153,7694,15251,13481,5531,4035,3661,4651,3712,3794,3655,4866,8697,7598,3012,2231,2101,1088,339,44
2016.4.7,on,Thu,326,663,1841,3283,2494,2209,2631,3116,4346,4047,4657,5382,6936,12912,9989,7752,9686,9872,4213,799,0
2016.4.7,off,Thu,274,2127,7102,14681,13556,5620,4154,3702,4665,3754,3874,3861,4974,8711,7541,3314,2405,2058,1136,456,40
2016.4.8,on,Fri,336,727,1980,3278,2341,2194,2704,3519,4763,4727,5125,6011,7832,14058,10419,7401,9547,10428,6192,1416,0
2016.4.8,off,Fri,286,2108,7070,14586,12973,5881,4454,3673,5167,4192,4265,4432,5780,10126,11183,5020,3294,2912,1855,893,2
2016.4.9,on,Sat,740,834,839,1167,1542,1922,2800,4294,5782,5594,5801,6450,7338,6347,4824,4395,5849,6218,3476,17,0
2016.4.9,off,Sat,188,901,1491,3643,7323,5391,4661,5772,7052,6110,4922,5394,5971,6735,4842,3357,2944,2508,1828,123,0
2016.4.10,on,Sun,611,675,567,750,1008,1093,1590,2194,3106,3061,3316,3862,4097,3955,3366,3716,4262,3889,1462,0,0
2016.4.10,off,Sun,79,467,733,1579,2826,2553,2762,3613,4407,3940,3129,3716,4132,3834,2852,2222,1794,1258,656,119,0
2016.4.11,on,Mon,288,707,1917,3256,2343,2094,2667,3163,4244,3999,4661,5334,6922,12779,9890,7470,9570,8886,3502,664,0
2016.4.11,off,Mon,324,2310,7911,16018,12659,5600,3947,3830,4486,3785,3626,3881,4616,7853,6464,2933,2064,1832,952,375,1
2016.4.12,on,Tue,286,675,2055,3473,2485,2160,2634,3213,4523,4101,4700,5568,7137,13110,10124,7514,9400,10447,5816,1611,0
2016.4.12,off,Tue,280,2225,7512,15121,13191,5560,4478,3682,4756,3953,4023,3871,4953,9551,9641,4199,3033,2386,1867,995,0
2016.4.13,on,Wed,636,551,549,834,1074,1401,1776,2635,3392,3462,4058,4733,5070,5096,4700,4617,6149,6013,2306,0,0
2016.4.13,off,Wed,149,853,1765,3035,5965,4063,3780,4492,5221,4129,3975,3852,4128,4470,3761,2064,1830,1684,896,41,0
2016.4.14,on,Thu,291,680,2016,3227,2359,2107,2671,3108,4490,3874,4770,5137,6998,12620,9986,7641,9814,9472,3868,787,0
2016.4.14,off,Thu,302,2187,7614,15117,12861,5828,4178,3655,4567,4189,3436,3896,4777,8350,7273,3036,2352,1974,1126,418,0
2016.4.15,on,Fri,301,711,1995,3166,2350,2127,2733,3363,4442,4280,5030,5603,7430,13617,10132,7441,9076,10107,5973,1479,1
2016.4.15,off,Fri,297,2102,7001,15115,12486,6031,4391,3835,4822,4194,4100,3993,5404,9770,10299,4517,3158,2619,1892,816,1
2016.4.16,on,Sat,665,721,692,1123,1442,1987,2625,3986,5266,4864,5376,6739,7218,6212,4575,4683,5450,6114,3256,75,0
2016.4.16,off,Sat,181,941,1717,3679,6660,5578,4672,5377,6476,6142,5154,5213,5715,6326,3780,2993,2934,1822,1245,176,0
2016.4.17,on,Sun,533,553,621,765,1040,1136,1508,2189,2802,2698,2835,3359,3931,3593,3300,3401,4110,3659,1479,0,0
2016.4.17,off,Sun,91,442,678,1618,2711,2526,2513,3784,4293,3664,3175,3287,3699,3129,2630,1973,1483,1124,703,3,0
2016.4.18,on,Mon,255,702,1926,3136,2377,2083,2537,3159,4107,3851,4649,5253,7401,13100,9854,7082,8991,8077,2992,483,0
2016.4.18,off,Mon,309,2368,7879,15844,13048,5528,3958,3680,4515,3972,3657,3753,4703,7120,6041,2383,1849,1401,935,344,7
2016.4.19,on,Tue,273,713,2041,3283,2430,2062,2567,3123,4306,3800,4636,5403,7005,12902,9835,7472,9537,9006,3525,665,0
2016.4.19,off,Tue,291,2189,7871,15827,12573,5788,4266,3524,4507,4048,3435,3720,4519,7917,6610,2781,1976,2025,1024,363,1
2016.4.20,on,Wed,333,684,1989,3293,2355,2063,2637,3192,4333,4080,4668,5184,7076,13499,9533,7252,9461,9136,3778,769,0
2016.4.20,off,Wed,304,2126,7503,15524,12435,5850,4094,3744,4513,3838,3634,3736,4708,8203,6839,2989,2129,1612,991,371,0
2016.4.21,on,Thu,276,655,1771,3022,2546,2047,2468,3149,4243,3886,4510,4947,6812,12576,9532,7160,9570,9513,4072,896,1
2016.4.21,off,Thu,259,1905,6932,14853,12992,6047,4264,3556,4596,3992,3692,3670,4759,8501,7250,2849,2257,1962,1200,444,7
2016.4.22,on,Fri,354,729,1985,3099,2360,2062,2770,3583,4612,4518,5141,5726,7820,14206,10434,7213,9020,10054,5996,1581,0
2016.4.22,off,Fri,275,2009,7068,15105,12934,5875,4289,3908,4752,4542,4455,4512,5728,9965,10616,4583,3141,2509,1852,728,51
2016.4.23,on,Sat,641,732,811,1171,1483,1817,2492,3945,5083,4903,5588,6808,7378,6424,4568,4555,5995,6777,3730,2,0
2016.4.23,off,Sat,191,912,1484,3962,6682,5554,4947,5437,6985,6393,5041,5700,6030,6775,4475,3586,2822,2276,1605,188,0
2016.4.24,on,Sun,681,657,576,733,1041,1149,1392,2034,2511,2700,3083,3376,3901,3671,3319,3421,4043,3698,1541,0,0
2016.4.24,off,Sun,81,512,777,1591,3070,2246,2645,3359,4368,3697,3007,3077,3237,3177,2332,2188,1539,1160,725,5,0
2016.4.25,on,Mon,222,701,1909,3077,2498,1988,2621,3079,4097,3973,4630,5418,6553,12850,10369,7524,9441,8730,3354,661,0
2016.4.25,off,Mon,295,2295,7557,15950,12411,5690,3957,3725,4595,3950,3750,3806,4510,7711,6494,2813,2100,1624,977,375,4
2016.4.26,on,Tue,305,730,2096,3247,2389,2108,2656,3319,4581,4154,4726,5441,7337,13089,9717,7520,9600,9251,3789,717,0
2016.4.26,off,Tue,289,2222,7604,15573,12961,5525,4281,3899,4728,3996,4082,3863,4771,8611,7144,2962,2179,1964,1093,410,1
2016.4.27,on,Wed,324,735,2028,3239,2364,2054,2565,3216,4226,3871,4637,5266,7374,13497,9906,7444,9584,9806,4199,963,0
2016.4.27,off,Wed,278,2046,7150,15348,12753,5673,4140,3786,4861,3955,3917,3725,5161,8954,7637,2843,2446,1817,1213,454,0
2016.4.28,on,Thu,360,778,2060,3234,2432,2228,2622,3399,4450,4123,4962,5383,7233,12640,10067,7741,9653,10083,4817,1135,0
2016.4.28,off,Thu,290,2065,7177,15357,12529,5677,4354,3916,4673,4299,3957,3992,5287,8838,7733,3225,2429,2248,1304,553,0
2016.4.29,on,Fri,381,776,1971,3102,2325,2175,2831,3438,4676,4372,5038,5909,7666,13385,10600,7888,9284,10489,6575,1801,13
2016.4.29,off,Fri,304,2031,7165,14350,12775,6075,4527,3936,5052,4653,4443,4672,5981,10595,10470,4925,3500,2807,2033,907,34
2016.4.30,on,Sat,733,829,820,1171,1451,1960,2617,3793,5242,5021,5711,6777,7373,6320,4705,4769,6016,7116,3933,26,0
2016.4.30,off,Sat,213,1009,1617,3605,6386,5403,4990,5905,6729,6732,5157,5503,6922,6598,4965,3591,3153,2392,1678,278,0
2016.5.1,on,Sun,813,674,627,715,1127,1165,1661,2098,2922,2883,3070,3411,3952,4028,3291,3583,4326,4108,1713,0,0
2016.5.1,off,Sun,108,523,750,1590,2739,2529,2897,3668,4413,3643,3031,3814,3907,3505,2499,2132,1679,1276,906,8,0
2016.5.2,on,Mon,264,733,1890,3131,2360,2056,2539,3121,4223,3898,4564,5307,6944,12799,10043,7631,9361,9085,3673,679,0
2016.5.2,off,Mon,291,2389,8115,15627,12843,5489,4021,3404,4570,3855,3761,4095,4494,7503,6337,2689,1863,1613,984,310,0
2016.5.3,on,Tue,249,636,1828,3189,2400,2086,2523,3158,4353,3938,4379,5156,6546,12662,9697,7743,9677,9490,3713,889,0
2016.5.3,off,Tue,263,2003,6840,15310,13119,5834,4126,3408,4592,3776,3897,3470,4916,8041,6568,2828,2140,1760,1073,403,17
2016.5.4,on,Wed,325,656,1780,3299,2539,2207,2719,3445,4497,4293,5069,5802,7610,13908,11095,7783,9234,10745,6614,1840,4
2016.5.4,off,Wed,299,2259,7552,15330,12630,5791,4386,3738,4936,4371,4183,4286,5657,9514,11207,5472,3417,3185,2175,974,86
2016.5.5,on,Thu,1013,814,640,814,1129,1263,1771,2496,3150,3076,3408,3873,4374,4294,3956,3662,5472,5716,3004,12,0
2016.5.5,off,Thu,162,1026,1261,2154,3651,3162,2893,3968,4155,3599,3826,4236,4829,5192,4397,3002,2438,1824,1145,170,0
2016.5.6,on,Fri,466,581,703,1121,1275,1520,2121,3001,3779,3870,4383,5334,6072,6488,5153,5317,6307,6989,3799,539,0
2016.5.6,off,Fri,159,1231,2553,4667,6933,4281,4069,4098,4826,4570,4679,4777,5732,6594,5117,3138,2504,2324,1498,499,0
2016.5.7,on,Sat,749,697,714,1009,1306,1648,2474,3493,4573,4632,5348,6120,6589,5641,4192,4222,5176,5736,3244,6,0
2016.5.7,off,Sat,187,922,1429,3441,6598,4756,4056,5001,6260,5224,4615,4445,5297,5586,3834,3260,2993,2230,1519,203,0
2016.5.8,on,Sun,642,556,497,705,974,1067,1353,2006,2606,2545,2681,3060,3468,3472,2683,2778,3550,3327,1451,0,0
2016.5.8,off,Sun,102,479,705,1501,3010,2340,2248,2828,3432,2996,2736,2912,3146,3084,2440,1946,1549,1213,770,3,0
2016.5.9,on,Mon,244,696,1941,3070,2338,1988,2562,3179,4134,3811,4447,5302,6897,12857,10259,7545,9146,8818,3363,694,0
2016.5.9,off,Mon,297,2541,8129,15451,13086,5401,4068,3660,4317,3991,3773,3778,4670,7559,6613,2920,2058,1583,1016,323,0
2016.5.10,on,Tue,301,643,1834,3245,2350,2095,2553,3105,4251,3867,4370,5151,6810,12941,9942,7178,9514,9442,3853,819,0
2016.5.10,off,Tue,247,2066,7312,15426,12871,6057,4058,3602,4711,3625,3587,3826,4761,8188,7188,2801,2057,1916,1131,442,0
2016.5.11,on,Wed,317,729,2166,3267,2426,2068,2614,3188,4317,4045,4616,5469,7370,13788,9950,7664,9695,10221,4563,967,0
2016.5.11,off,Wed,298,2320,7338,16083,12688,5482,4260,3607,4865,4034,3753,4184,5064,8957,7790,3146,2537,1996,1265,528,0
2016.5.12,on,Thu,337,731,2195,3272,2319,2261,2798,3250,4394,3988,4616,5329,7296,12993,9677,7836,10046,10496,4796,996,1
2016.5.12,off,Thu,304,2239,7260,15686,12410,5922,4267,3855,4359,4270,3789,4231,4868,8967,7692,3332,2499,2183,1432,618,47
2016.5.13,on,Fri,342,757,1958,3168,2268,2154,2833,3448,4492,4487,5030,5747,7760,13960,10540,7743,9020,10758,6841,1938,1
2016.5.13,off,Fri,322,2278,6629,15426,12494,5609,4391,3959,4690,4623,4186,4532,5869,10314,11695,5417,3526,2969,2054,960,1
2016.5.14,on,Sat,989,888,710,902,1272,1521,2083,3063,4264,4067,4436,5378,5940,5363,4480,4799,5730,6773,4036,10,0
2016.5.14,off,Sat,174,842,1255,2721,4769,4126,3820,4961,6145,5123,4456,4631,6235,6711,4641,3725,3000,2249,1689,233,0
2016.5.15,on,Sun,760,635,530,747,1149,1071,1442,2110,2913,3190,3138,3672,4164,3938,3247,3528,4200,3879,1688,5,0
2016.5.15,off,Sun,104,519,780,1460,2750,2667,2707,3894,4783,3894,3607,3712,3430,3068,2306,1635,1395,1084,655,96,0
2016.5.16,on,Mon,248,707,2011,3056,2303,1974,2592,3043,4220,3751,4600,5252,7014,12987,10290,7633,9587,9225,3706,792,0
2016.5.16,off,Mon,308,2285,7919,15530,12834,5788,4195,3711,4507,3622,3804,4033,5086,7757,6584,3099,2257,1698,1029,373,0
2016.5.17,on,Tue,305,779,2197,3244,2428,2091,2700,3122,4369,4004,4639,5287,7220,13260,9827,7406,9882,9773,4156,821,0
2016.5.17,off,Tue,283,2250,7474,16153,12473,5408,4112,3802,4931,4124,3773,4022,5014,8645,7360,3134,2056,2205,1217,403,0
2016.5.18,on,Wed,341,726,2054,3234,2468,2069,2623,3201,4481,4178,4770,5352,7817,13784,9868,7447,9653,10157,4600,941,0
2016.5.18,off,Wed,270,2222,7388,15421,13031,5829,4443,3809,4940,4020,3916,4084,5222,9148,7773,3296,2451,2128,1229,524,0
2016.5.19,on,Thu,356,735,1990,3349,2545,2126,2655,3126,4524,4253,4706,5642,7554,13411,10204,7750,9981,9867,4612,937,0
2016.5.19,off,Thu,290,2231,7225,15716,11998,6001,4382,3972,4528,4524,3988,4204,5588,9100,7803,3211,2358,2504,1258,571,1
2016.5.20,on,Fri,424,725,1969,3093,2378,2135,2954,3500,4686,4442,5348,6113,8147,14245,10853,7681,9119,10183,6158,1552,2
2016.5.20,off,Fri,272,2214,6690,15046,12788,5804,4558,4283,5201,4446,4534,4751,5773,9999,10399,4737,3243,2645,1952,838,16
2016.5.21,on,Sat,702,811,876,1210,1532,1966,2726,4027,5385,5674,5968,7387,7883,6579,5120,4927,6304,7274,4006,13,0
2016.5.21,off,Sat,212,1075,1597,3981,6971,5648,5340,6116,7204,6358,5692,6016,6686,6904,4673,3313,3472,2442,2040,174,0
2016.5.22,on,Sun,710,620,632,830,1127,1154,1575,2261,2924,3140,3307,3981,4342,4121,3690,3679,4654,4096,1708,0,0
2016.5.22,off,Sun,86,534,794,1581,3255,2665,3049,3699,4633,3824,3465,3901,3815,3600,2653,2302,1671,1353,656,145,0
2016.5.23,on,Mon,280,746,1773,3206,2371,1964,2599,3189,4071,3845,4603,5202,6896,13292,10046,7552,9051,8646,3300,677,0
2016.5.23,off,Mon,297,2279,7798,16184,12371,5590,4109,3560,4724,3630,3782,3945,4759,7866,6116,2544,2062,1565,971,338,0
2016.5.24,on,Tue,279,627,1753,2971,2337,2020,2466,3011,4034,3745,4545,5002,6701,12683,9653,7239,9443,9130,3796,786,0
2016.5.24,off,Tue,259,2029,6603,15441,12988,5645,4018,3649,4392,3909,3744,3615,4670,8145,6716,2711,2173,1876,1091,411,0
2016.5.25,on,Wed,299,701,2035,3274,2361,2078,2772,2972,4270,3950,4676,5348,7508,13670,9598,6930,9356,9717,4389,929,0
2016.5.25,off,Wed,284,2217,7444,15493,12221,5605,4453,3807,4908,3945,3755,4121,5122,8937,7384,2790,2154,1861,1193,506,0
2016.5.26,on,Thu,346,713,1984,3151,2460,2017,2526,3148,4313,3970,4534,5226,7037,12677,9629,7075,9350,9897,4570,958,0
2016.5.26,off,Thu,278,2148,7017,15254,12135,5733,4227,3629,4612,3917,3773,3940,4967,8346,7226,3146,2337,2045,1275,572,0
2016.5.27,on,Fri,375,744,2061,3065,2226,2205,2691,3381,4420,4333,5131,5783,8093,14233,10225,7430,8606,10235,5977,1511,0
2016.5.27,off,Fri,285,2173,6917,15008,12086,5899,4482,4091,4799,4341,4409,4259,5612,9981,10028,4382,3240,2539,2008,894,0
2016.5.28,on,Sat,828,786,808,1187,1436,1789,2678,3844,5102,5242,5713,6866,7377,6146,4696,4549,5979,6764,3859,69,0
2016.5.28,off,Sat,189,1025,1625,3841,6731,5327,4890,5857,6841,6162,5470,5350,6090,5624,4491,3929,2705,2304,1926,215,0
2016.5.29,on,Sun,626,608,554,710,1004,1071,1463,2124,2851,2857,3100,3637,4311,3867,3269,3709,4221,3997,1762,0,0
2016.5.29,off,Sun,120,496,837,1617,2900,2547,2821,3869,4522,3667,3272,3458,3633,3502,2594,1884,1650,1349,789,0,0
2016.5.30,on,Mon,275,744,1988,2931,2307,1960,2426,2931,3814,3741,4508,5102,6746,12667,9946,7404,8826,8267,3524,667,0
2016.5.30,off,Mon,293,2253,7040,15709,12260,5279,4154,3484,4156,4079,3699,3689,4576,7502,5974,2931,2059,1748,977,351,0
2016.5.31,on,Tue,330,731,2090,2992,2292,1915,2339,2804,3850,3640,4358,5068,6795,12492,9522,7483,8978,8937,3924,852,0
2016.5.31,off,Tue,271,2015,7128,15189,11576,5059,4167,3527,4114,4063,3454,3827,4858,7410,6559,3073,2145,1900,1238,464,0
2016.6.1,on,Wed,437,951,2333,3499,2627,2507,3148,3517,4985,4697,5634,6249,8344,14462,10490,7765,9946,10542,4493,839,0
2016.6.1,off,Wed,540,3034,8491,15814,14677,5947,4426,4028,5191,4460,4698,4301,5758,9102,7758,3125,2491,2273,1200,558,0
2016.6.2,on,Thu,455,891,2322,3422,2770,2413,3065,3397,4907,4962,5609,6483,8718,14690,10581,8029,10120,10031,4718,900,0
2016.6.2,off,Thu,546,2778,8612,15999,13715,6306,4727,4080,5482,4445,4504,4430,6062,9084,7860,3441,2715,2103,1296,528,1
2016.6.3,on,Fri,458,949,2215,3298,2563,2660,3328,4056,5345,5309,6417,6932,8901,15242,11036,7970,9544,11059,6417,1555,0
2016.6.3,off,Fri,531,2808,7946,15678,13974,6095,5158,4807,5212,5452,4836,5439,6575,10226,10770,4813,3246,2835,1912,754,2
2016.6.4,on,Sat,889,963,806,1214,1697,2112,3052,4655,5845,5773,6253,7106,7535,6800,4827,4741,5811,6616,3426,0,0
2016.6.4,off,Sat,333,1335,1853,4117,7726,5788,5455,5774,7386,6630,5514,5658,6323,6033,4093,3280,2761,2363,1589,257,0
2016.6.5,on,Sun,743,771,637,824,1228,1389,1752,2443,2923,3170,3522,3919,4309,4050,3241,3585,4549,4660,2449,2,0
2016.6.5,off,Sun,158,699,1102,1914,3298,2684,3029,3703,4377,4132,3639,3777,4214,3990,3299,2916,2099,1838,1203,204,0
2016.6.6,on,Mon,548,673,554,791,1060,1184,1543,2199,2887,2911,3297,3961,4259,4278,3500,4000,4611,5120,1808,4,0
2016.6.6,off,Mon,211,1238,1775,2490,3976,2990,3051,3802,4112,3732,3276,3494,3576,3650,2456,1908,1499,1306,671,112,0
2016.6.7,on,Tue,371,889,2146,3373,2673,2532,3138,3530,4820,4651,5744,6158,8088,13806,10459,7799,9723,9563,3566,701,0
2016.6.7,off,Tue,550,2997,8803,16562,13396,6202,4802,4273,4881,4850,4179,4437,5217,7904,6689,3028,2138,1976,1147,371,30
2016.6.8,on,Wed,423,922,2246,3471,2630,2413,3138,3820,4924,4675,5632,6203,8213,14564,9956,7786,9791,10612,4302,897,0
2016.6.8,off,Wed,551,2938,8323,16355,13878,6580,4729,4059,5006,4363,4412,4294,5469,8916,7611,3072,2569,2069,1196,465,0
2016.6.9,on,Thu,439,920,2302,3469,2703,2458,3105,3647,5238,4759,5760,6377,8375,14028,10373,7731,10226,10834,4576,993,0
2016.6.9,off,Thu,515,2715,8705,15564,14102,6154,4987,4262,5187,4668,4350,4647,5558,9342,7795,3358,2390,2327,1268,497,1
2016.6.10,on,Fri,471,920,2233,3298,2629,2502,3389,3908,5273,5349,6377,6813,9177,15522,11148,8007,9448,10973,6335,1659,3
2016.6.10,off,Fri,522,2754,7944,15367,14021,6563,4829,4766,5463,5007,4632,5101,6124,10323,10584,4648,3305,3233,2429,1513,18
2016.6.11,on,Sat,909,964,950,1248,1818,2259,3257,4637,6127,6096,7078,8065,8154,7187,4950,4954,6420,7114,3620,17,0
2016.6.11,off,Sat,376,1379,1980,4241,7894,6206,5985,6678,7832,6940,5737,5636,6227,6186,4393,3395,3046,2634,2577,139,0
2016.6.12,on,Sun,816,749,641,842,1284,1437,1873,2466,3429,3461,3719,4611,4708,4296,3518,3653,4426,4150,1721,0,0
2016.6.12,off,Sun,173,752,1127,1948,3327,2947,3390,4223,4941,4168,3637,3386,3772,3299,2616,2205,1894,1653,1970,1,0
2016.6.13,on,Mon,425,883,2042,3403,2718,2373,3142,3544,4976,4584,5630,6379,7996,13877,10436,7808,9747,9424,3388,677,0
2016.6.13,off,Mon,552,2801,9055,16005,13784,5893,4954,4351,5002,4507,4418,4426,4951,8238,6698,2991,2156,1658,1015,377,1
2016.6.14,on,Tue,421,993,2403,3452,2524,2456,3279,3602,5194,4902,5757,6336,7709,14210,10522,8113,9828,9879,3665,727,0
2016.6.14,off,Tue,551,2885,8394,15637,13880,6446,4903,4484,5222,4643,4318,4497,5401,8364,7174,3135,2199,1931,1113,413,1
2016.6.15,on,Wed,428,796,1927,3309,2707,2327,2939,3608,5008,4732,5776,6005,8051,14278,9402,7155,9459,9844,3957,857,0
2016.6.15,off,Wed,525,2593,7746,15595,13513,6123,4803,4318,5525,4241,4065,4117,5264,8639,7311,2827,2185,1837,1161,406,0
2016.6.16,on,Thu,394,898,2343,3326,2726,2424,3004,3677,5018,4791,5976,6395,8373,14214,10263,7808,10003,11033,4819,1078,0
2016.6.16,off,Thu,518,2628,7769,16170,13348,6320,4897,4363,5292,4781,4724,4788,5679,9309,8033,3298,2724,2048,1419,504,0
2016.6.17,on,Fri,535,964,2190,3383,2607,2535,3233,3887,5289,5150,6544,7245,9282,15248,11049,7975,9436,10920,6735,1647,0
2016.6.17,off,Fri,540,2722,7785,15149,13268,6893,5072,4689,5533,5368,4930,5502,6710,10691,10560,5368,3517,2989,2046,949,56
2016.6.18,on,Sat,939,1008,960,1356,1789,2302,3169,4513,5885,6077,6616,8185,8461,7251,5196,5153,6496,7494,3985,10,0
2016.6.18,off,Sat,361,1475,2110,4257,7299,6193,6077,6564,7629,7769,6173,5602,6626,6749,4754,4071,2998,2387,1895,148,0
2016.6.19,on,Sun,880,801,725,899,1228,1180,1558,2368,3002,3301,3679,4215,4434,4306,3515,3825,4533,4329,1858,2,0
2016.6.19,off,Sun,168,758,1090,1716,3390,2608,3074,4113,4493,4142,3756,4027,3832,3647,2611,2299,1858,1434,784,159,0
2016.6.20,on,Mon,405,887,2091,3247,2649,2393,3130,3843,5002,5041,6242,6592,8492,14140,10707,7886,9988,9997,3725,744,0
2016.6.20,off,Mon,577,2915,8469,16088,13663,6174,5324,4359,5590,5217,4672,4963,5766,8296,7119,3297,2338,1814,1007,447,0
2016.6.21,on,Tue,486,962,2333,3392,2658,2460,3337,3877,5343,5073,6394,6684,8751,14321,10526,8013,10304,10898,4416,801,0
2016.6.21,off,Tue,540,2816,8252,15891,13381,6567,5225,4812,5455,5418,4980,4828,6135,9680,7566,3298,2477,1992,1297,474,0
2016.6.22,on,Wed,455,991,2294,3319,2631,2436,3127,3860,5337,4899,6020,6698,8608,14704,10111,7565,10045,10640,4507,946,0
2016.6.22,off,Wed,529,2782,7866,15863,13190,6354,5005,4671,5683,5013,4733,5119,5878,9893,7527,3152,2345,1876,1242,450,0
2016.6.23,on,Thu,485,976,2256,3419,2472,2428,3204,4032,5360,5003,6181,6679,8747,14549,10215,8099,10728,12025,4990,1051,1
2016.6.23,off,Thu,541,2822,7932,15601,13185,6891,5218,4838,6127,5299,4600,5370,6209,10229,8070,3562,2475,2556,1399,526,29
2016.6.24,on,Fri,497,963,2029,3144,2522,2294,3262,3913,5261,5312,6335,6923,8922,15374,10814,8239,9692,11663,6764,1717,0
2016.6.24,off,Fri,522,2580,7338,14922,13523,6706,5355,4828,5771,5262,5053,5480,6867,11582,10654,4865,3334,2992,1940,878,6
2016.6.25,on,Sat,945,1037,1081,1548,1661,2303,3440,4822,5932,6003,6815,8037,8691,7848,5516,5232,6696,7833,4034,5,0
2016.6.25,off,Sat,434,1453,2132,4618,7463,6220,6103,7655,8618,7178,6594,5740,6514,7601,5029,3644,3374,2449,1794,225,0
2016.6.26,on,Sun,807,896,714,879,1172,1286,1654,2447,3016,3193,3890,4638,5054,4841,3771,4330,5008,4905,2183,0,0
2016.6.26,off,Sun,195,781,1216,1976,3319,2859,3508,4362,5137,4569,3951,4061,4491,4092,3178,2321,1822,1544,1004,2,0
2016.6.27,on,Mon,449,914,2071,3342,2470,2396,3229,3786,5056,5060,6276,6943,8562,14715,10860,8300,10190,10346,3947,725,0
2016.6.27,off,Mon,551,2864,8400,15777,14014,6240,4998,4915,5812,5531,4948,5189,6071,8968,6945,3239,2247,1868,1025,356,0
2016.6.28,on,Tue,441,914,2196,3337,2624,2438,3265,3832,5294,5105,6317,6708,8606,14653,10623,8426,10419,11105,4503,889,0
2016.6.28,off,Tue,542,2760,7917,15537,13906,6385,5396,4882,5751,5250,5511,4946,6167,9464,7490,3237,2395,2312,1215,436,0
2016.6.29,on,Wed,471,962,2260,3357,2478,2436,3195,3604,4715,5012,6118,6697,8659,14379,10167,8073,10288,11028,4901,935,0
2016.6.29,off,Wed,540,2692,7633,15223,12873,6041,5136,4700,5660,5266,5055,4969,6037,10085,7486,3426,2470,2269,1126,478,0
2016.6.30,on,Thu,478,906,2104,3100,2560,2345,2744,3372,4233,4763,6060,6288,8474,13755,10238,8009,9833,11094,4896,1084,0
2016.6.30,off,Thu,371,2551,7212,15394,11720,6423,4844,4643,5598,5404,4836,5110,5824,9537,7432,3364,2483,2197,1427,523,0
2016.7.1,on,Fri,527,891,2142,3083,2377,2325,2901,3759,4757,4838,5993,6475,8684,15141,10689,8171,9482,11297,6109,1407,18
2016.7.1,off,Fri,509,2521,6991,15037,12390,5947,4991,4566,5577,5549,4643,4867,6243,9916,9790,4686,2986,2172,1572,682,28
2016.7.2,on,Sat,706,828,801,1130,1743,2584,3435,4630,5878,5622,6865,8022,8732,7519,5379,5511,6730,8327,4152,1,0
2016.7.2,off,Sat,312,1365,1993,4316,7649,6647,5640,7052,8008,7597,6241,6306,7174,7233,4834,3602,3045,2659,1818,161,0
2016.7.3,on,Sun,863,777,659,830,1237,1341,1802,2512,3124,3265,3969,4712,4798,4612,3990,4372,5061,4867,1998,1,0
2016.7.3,off,Sun,170,823,1111,1916,3142,2783,3441,4535,5108,4548,4108,4463,4641,4178,2954,2197,1844,1527,875,1,0
2016.7.4,on,Mon,390,935,2196,3471,2587,2994,4227,4661,6879,6456,7222,8409,9674,15298,11633,8908,11240,10957,3685,766,2
2016.7.4,off,Mon,547,3687,9228,17467,17164,7501,5708,5685,7017,6033,5654,5346,6207,9477,6833,2872,2007,1565,903,334,29
2016.7.5,on,Tue,362,849,1995,3379,2711,2841,3499,4437,6571,5974,6613,7722,9272,15293,11194,8650,10552,10876,3841,743,0
2016.7.5,off,Tue,487,3244,8307,15826,17253,7804,6063,5501,6769,5506,5370,5054,5891,9318,7205,2957,2046,1704,961,348,0
2016.7.6,on,Wed,459,954,2232,3558,2704,2809,3841,5061,6955,6285,7334,8136,9826,16374,11457,9110,12178,12779,5205,1055,1
2016.7.6,off,Wed,519,3324,8977,15892,18440,7348,6243,5837,7278,6413,6131,5753,7038,11077,8890,3603,2332,2117,1225,479,9
2016.7.7,on,Thu,447,929,2221,3633,2928,2830,3925,4771,6808,6277,7323,8426,10183,15649,11483,9005,12111,12621,5173,1015,0
2016.7.7,off,Thu,511,3301,8874,16938,16988,7382,6107,6321,7465,5566,5918,5870,6785,11107,8443,3036,2529,2241,1321,438,0
2016.7.8,on,Fri,487,970,2255,3443,2854,3019,4206,5022,6959,6849,7687,9209,10697,17179,12688,9522,11437,13884,7544,1833,0
2016.7.8,off,Fri,545,3428,8757,16977,16688,7173,7005,6272,7421,6351,6571,6238,7838,12915,12653,5340,3614,3061,1946,799,25
2016.7.9,on,Sat,976,951,884,1352,1797,2386,3576,5017,6493,6876,7646,9151,9934,8765,5900,5774,7130,8403,4041,11,0
2016.7.9,off,Sat,363,1441,2142,4923,8376,6801,6289,7658,9022,8135,6905,6582,7327,7912,4919,3949,3163,3150,2357,192,0
2016.7.10,on,Sun,801,871,660,890,1281,1375,1759,2694,3639,4230,4454,5270,5614,5683,4488,4852,5704,5247,2182,0,0
2016.7.10,off,Sun,169,857,1135,1996,4089,3422,3701,4848,5984,5250,4377,5120,4831,4429,3308,2367,2167,1474,868,0,0
2016.7.11,on,Mon,389,902,2154,3412,2767,2934,4021,4830,6691,6170,7136,8641,9596,15802,11859,8911,11571,11566,4178,744,0
2016.7.11,off,Mon,549,3295,9593,17165,17095,7280,6358,5865,7140,5870,5997,5324,6361,9656,7772,3113,2280,1635,1022,367,0
2016.7.12,on,Tue,418,879,2046,3449,2859,2759,3886,4488,7011,6219,7532,8153,9927,15891,11386,8909,11892,12018,4486,876,0
2016.7.12,off,Tue,506,3151,8395,17210,17130,7406,6392,6548,7135,5630,5973,5604,6253,10271,7891,3396,2341,2348,1120,423,3
2016.7.13,on,Wed,523,940,2359,3528,2781,2843,3977,4904,6770,6216,7367,8992,10448,16631,11834,9079,12212,12441,5190,1109,1
2016.7.13,off,Wed,511,3447,8898,16754,17397,7334,6315,6061,7535,5757,6138,5779,7436,11519,8822,3630,2342,2544,1187,469,1
2016.7.14,on,Thu,495,957,2235,3467,2880,2797,3908,5012,6720,6339,7437,8451,10207,15655,11599,9137,12036,12494,5263,1137,0
2016.7.14,off,Thu,509,3189,8711,17054,16807,7173,6689,5508,8008,6051,5902,5632,6742,10987,8644,3697,2637,2389,1352,476,0
2016.7.15,on,Fri,562,930,2168,3440,2946,2848,4030,4860,6910,6451,7556,8566,10762,17036,12275,8749,11059,12612,7604,1876,0
2016.7.15,off,Fri,506,3061,8348,16571,16094,7697,6501,6048,7565,6402,5945,5980,7594,12270,11783,4876,3619,2560,1905,793,1
2016.7.16,on,Sat,910,879,892,1350,1760,2043,2869,4623,6063,6001,6770,8148,8663,8068,5662,5442,6663,7984,4124,80,0
2016.7.16,off,Sat,300,1239,2057,4441,8133,6021,6004,7148,8163,8213,6021,6698,7124,6821,4578,3491,2674,2178,1516,249,0
2016.7.17,on,Sun,702,724,667,859,1147,1268,1777,2602,3305,3459,4168,4879,5190,5348,4346,4427,5257,4888,2178,0,0
2016.7.17,off,Sun,147,699,998,1751,3539,3332,3546,4700,5818,4877,4555,4470,4707,3978,2956,2169,1785,1477,931,0,0
2016.7.18,on,Mon,382,940,2035,3319,2861,2769,4033,4792,6826,6283,7331,8269,9715,15357,11949,9258,11626,11346,4126,812,0
2016.7.18,off,Mon,542,3218,9339,17626,16083,7982,6581,5808,7352,5741,6250,5369,6670,9714,7681,3170,2230,1905,1066,411,1
2016.7.19,on,Tue,474,896,2283,3436,2879,2798,3841,4766,7016,6159,7486,8447,10072,15529,11651,9152,11938,12184,4645,895,0
2016.7.19,off,Tue,517,3134,8891,17535,15843,8075,6758,6098,7316,5676,5743,5560,6596,10510,8131,3551,2576,2184,1183,430,0
2016.7.20,on,Wed,488,935,2350,3481,2868,2906,3896,4965,6844,6433,7337,8253,10471,16208,11306,9129,11840,12621,5286,1104,0
2016.7.20,off,Wed,496,3067,9156,16361,16711,8052,6697,5970,7574,5789,5853,5506,6891,11002,8950,3406,2629,2314,1289,478,1
2016.7.21,on,Thu,516,936,2236,3444,2886,2966,4012,4710,6790,6412,7427,8510,9858,15659,11916,8972,11805,12932,5380,1184,0
2016.7.21,off,Thu,520,3129,8404,16675,16005,7914,6736,5811,7669,6234,5597,6002,7045,11090,8505,3784,2552,2434,1521,520,0
2016.7.22,on,Fri,548,879,2138,3407,2843,2940,4088,5166,6846,6316,7932,8852,10629,16605,12640,9132,10982,12759,7217,1738,0
2016.7.22,off,Fri,510,3045,8055,16007,16141,7818,6430,6337,7773,6472,6167,6166,7146,12503,11558,4980,3332,2973,2120,1036,0
2016.7.23,on,Sat,916,1034,897,1261,1707,2255,3539,4861,6293,6312,7012,8529,9128,7965,5632,5549,6873,8211,4037,41,0
2016.7.23,off,Sat,330,1277,1870,4458,8434,6516,6500,7359,8932,7713,6056,6319,7138,7346,4681,3402,3017,2694,1688,225,0
2016.7.24,on,Sun,729,813,738,875,1181,1317,1788,2853,3377,3565,4028,4773,5511,4900,4140,4423,5197,5098,2127,0,0
2016.7.24,off,Sun,171,723,991,1912,3713,3238,3704,4626,5366,4757,4569,4540,4544,3969,2902,2282,2303,1669,892,0,0
2016.7.25,on,Mon,414,818,1949,3289,2756,2667,3899,4836,6477,5944,7230,8308,9132,15811,11903,9092,11514,11303,4139,803,0
2016.7.25,off,Mon,509,3075,8569,16875,15455,7795,6410,5927,7547,5963,5872,5456,6449,9974,7394,3274,2354,1644,1111,400,0
2016.7.26,on,Tue,443,946,2160,3272,2622,2696,3857,4881,6563,5947,6985,8139,9682,15484,11366,9033,11343,11616,4712,972,0
2016.7.26,off,Tue,470,3014,8196,16195,15797,7381,6490,5886,7730,6024,5559,5463,6318,9659,8717,3316,2279,2069,1418,453,0
2016.7.27,on,Wed,487,868,2080,3311,2722,2650,3741,4846,6477,5863,7182,7862,9826,15897,11315,8557,11273,12386,4923,941,0
2016.7.27,off,Wed,491,2878,8000,15937,15450,7397,6316,6035,7412,5984,5549,5352,6532,10786,8416,3340,2580,2073,1275,504,16
2016.7.28,on,Thu,508,799,1798,3390,2963,2811,3650,4783,6604,5776,7138,7929,9571,15461,11135,8927,11496,12186,5489,1209,0
2016.7.28,off,Thu,486,2795,7622,15690,14965,7422,6245,6418,7265,6236,5729,6170,6735,11062,8643,3704,2508,2251,1631,529,3
2016.7.29,on,Fri,508,925,1872,3053,2712,2487,3554,4815,5993,5761,7224,7799,9743,15859,11566,8660,10796,11363,6702,1697,0
2016.7.29,off,Fri,468,2755,6551,14873,14706,7382,6378,6113,6836,6378,5954,5962,7112,11201,10360,4692,3079,2767,2050,871,36
2016.7.30,on,Sat,840,952,824,1237,1710,1998,2977,4541,5902,5851,6393,8044,8526,7221,5488,5156,6289,7424,3818,5,0
2016.7.30,off,Sat,344,1223,1892,4233,7567,5973,5414,6860,8313,6689,6124,5838,6554,6752,4391,3128,3107,3002,2106,201,0
2016.7.31,on,Sun,710,723,623,946,1293,1181,1680,2382,3059,3202,3819,4730,4918,4519,3839,4241,5088,5225,2178,0,0
2016.7.31,off,Sun,156,725,1136,1775,3384,2901,3387,4225,5055,4546,3713,4473,4484,4113,3020,2501,2284,1577,1031,3,0
2016.8.1,on,Mon,374,867,2042,3041,2317,2750,3740,4501,6366,5868,7084,7681,9091,15057,11519,8538,10730,9786,3916,839,0
2016.8.1,off,Mon,493,2878,7706,15837,14311,7144,5970,6081,7084,6477,5463,5850,6259,9223,7413,2968,2265,1663,1065,442,0
2016.8.2,on,Tue,461,845,1970,3105,2460,2609,3719,4441,6152,5885,6775,7415,9173,16013,10708,8215,10302,10719,4205,846,0
2016.8.2,off,Tue,486,2795,7711,15515,14185,7196,5885,5570,7321,5571,5790,5296,5896,9742,7591,3048,2440,1952,1146,475,0
2016.8.3,on,Wed,511,813,2076,3148,2589,2566,3510,4601,6314,5968,7040,7664,9685,16153,10880,8375,10849,11382,4833,936,0
2016.8.3,off,Wed,488,2846,7979,15469,14789,6822,6143,5868,7151,5603,5712,5348,6575,10042,8284,3372,2401,2038,1484,433,0
2016.8.4,on,Thu,487,861,1969,3149,2557,2549,3530,4459,6073,5623,6782,7417,9387,15245,10937,8599,11113,11724,4936,925,2
2016.8.4,off,Thu,484,2923,7948,15435,14261,7297,6149,5475,7075,5687,5465,5269,6294,9953,8037,3458,2479,2411,1426,431,31
2016.8.5,on,Fri,503,962,1868,3088,2531,2718,3755,4609,6018,5816,7042,7792,9888,16155,11411,8616,9991,11669,6256,1646,0
2016.8.5,off,Fri,458,2769,7599,15134,14444,6484,6137,5618,7132,5839,5688,5869,6892,11165,10767,4691,3174,2613,1671,740,0
2016.8.6,on,Sat,814,956,795,1152,1469,2056,2975,4561,5742,5631,6125,7514,8508,7175,5132,5120,6384,7661,3745,6,0
2016.8.6,off,Sat,302,1172,1999,4471,8105,6158,5581,6790,7700,6307,5562,5765,6210,6508,4555,3021,2761,2413,1471,197,0
2016.8.7,on,Sun,719,736,686,847,1137,1216,1552,2222,2880,3378,3683,4058,4709,4742,3792,4264,4928,5004,2115,0,0
2016.8.7,off,Sun,163,665,1025,1813,3293,3024,3283,4437,5124,4061,3669,3952,4169,4235,2906,2326,1865,1438,910,0,0
2016.8.8,on,Mon,391,875,2108,3357,2419,2491,3398,4361,5952,5666,6497,7529,8789,15219,11356,8659,10701,10805,3922,728,0
2016.8.8,off,Mon,494,2936,8712,16039,14937,7344,5719,5399,6933,5560,4912,4928,6224,9521,6976,3188,2029,1796,913,401,0
2016.8.9,on,Tue,433,910,2155,3365,2644,2463,3531,4446,6052,5312,7158,7309,9228,15216,11425,8971,10796,11531,4335,890,0
2016.8.9,off,Tue,468,2814,8259,15701,15276,7379,6160,5348,6910,5375,5364,5224,5911,9784,7751,3228,2324,2041,1142,427,0
2016.8.10,on,Wed,492,872,2037,3412,2591,2541,3497,4552,6096,5583,6674,7501,9611,15674,11084,8714,11288,12166,5172,1059,0
2016.8.10,off,Wed,459,2863,7855,16148,14965,7128,5983,5596,6920,5707,5421,5229,6723,10496,8518,3269,2337,2263,1258,443,0
2016.8.11,on,Thu,477,899,2114,3355,2666,2635,3586,4335,6083,5588,6985,7439,9186,15085,10870,8505,11083,12186,5222,1072,0
2016.8.11,off,Thu,448,2836,7841,14863,15320,6836,5866,5675,6901,5862,5394,5474,6521,10213,8582,3424,2549,2151,1285,496,56
2016.8.12,on,Fri,486,899,1961,3091,2623,2591,3668,4480,6186,5871,7014,7660,9693,15792,11301,8739,10131,11406,6357,1526,1
2016.8.12,off,Fri,479,2756,7683,14433,14589,6899,6159,5771,6403,6520,5331,5629,6918,10910,10425,4781,3122,2702,1600,813,45
2016.8.13,on,Sat,813,900,871,1218,1467,2004,3026,4317,5586,5391,6099,7331,8001,6890,5150,4890,6061,7388,3507,0,0
2016.8.13,off,Sat,328,1233,1818,4147,7206,6010,5687,6537,7524,6389,5821,5462,5958,6160,4254,3211,2792,2086,1637,2,0
2016.8.14,on,Sun,689,736,641,798,1215,1327,1668,2409,3080,3255,3648,3973,4550,4383,3521,3776,4723,5401,2553,0,0
2016.8.14,off,Sun,162,693,1049,1709,3463,2858,3382,4068,4816,4052,3844,4139,4733,4351,3366,2568,2223,2043,1211,3,0
2016.8.15,on,Mon,547,685,589,803,1143,1297,1736,2312,3276,3271,3769,4396,5120,5011,3907,4364,5772,5916,2152,0,0
2016.8.15,off,Mon,196,1261,1900,2910,4327,3504,3339,4564,4391,4405,4039,3964,4406,4240,2886,2106,1617,1234,801,2,0
2016.8.16,on,Tue,421,834,1973,3096,2600,2442,3345,4024,5539,5254,6343,7605,8944,14900,11241,8436,10217,10227,4029,817,0
2016.8.16,off,Tue,479,2746,8489,14994,13431,6954,5812,5204,6542,5029,5396,5126,6089,8933,7197,3171,2158,1728,1153,406,0
2016.8.17,on,Wed,420,893,2117,3235,2530,2455,3423,4057,5530,5382,6382,7376,9573,15020,11093,8461,11182,11496,4717,948,0
2016.8.17,off,Wed,489,2683,8251,15201,14582,7219,5610,5316,6345,5463,5401,5256,6231,10201,8027,3309,2414,1857,1296,433,0
2016.8.18,on,Thu,507,849,2178,3344,2559,2581,3405,4312,5741,5551,6589,7535,9112,15274,11043,8769,10846,11854,4933,1121,0
2016.8.18,off,Thu,464,2776,7883,15407,14216,7077,6252,5372,6749,5561,5638,5285,6313,10533,8253,3386,2594,2475,1280,478,0
2016.8.19,on,Fri,472,963,2000,3199,2603,2647,3604,4454,5796,5810,6734,8062,10245,16438,11792,9162,10533,12024,6733,1626,0
2016.8.19,off,Fri,491,2763,7602,15337,14027,7421,6246,5329,7186,5509,5833,5895,7428,11722,10789,5254,3182,2905,1834,759,4
2016.8.20,on,Sat,826,953,869,1234,1674,2263,3260,4648,6071,6245,6953,8714,9253,7876,5753,5547,6988,7991,4015,14,0
2016.8.20,off,Sat,330,1247,1942,4396,7881,6321,6041,7413,8156,7491,6210,6221,7135,6696,5043,3747,3665,2934,2288,221,0
2016.8.21,on,Sun,795,829,733,848,1169,1269,1771,2654,3538,3553,3971,4529,5379,5086,4158,4163,5138,4983,2055,0,0
2016.8.21,off,Sun,168,744,915,1838,3650,3075,3636,4741,5449,4289,3827,4645,4704,4210,3104,2327,1853,1628,907,2,0
2016.8.22,on,Mon,420,881,2097,3068,2727,2432,3529,4108,5629,5180,6642,7327,8938,14842,11737,8469,10479,10192,3719,759,0
2016.8.22,off,Mon,481,2956,8441,15459,14244,7376,5719,5241,6095,5692,5219,5452,6256,9051,7494,3229,2018,1875,1015,386,0
2016.8.23,on,Tue,440,894,2157,3347,2551,2520,3409,4119,5537,5255,6697,7168,8982,14879,10832,8420,10605,10737,4052,802,0
2016.8.23,off,Tue,472,2613,7922,15727,13861,7128,5772,5054,6423,5538,5342,5285,6176,9883,7613,3053,2167,2062,1087,416,0
2016.8.24,on,Wed,463,872,2187,3262,2651,2418,3328,4140,5404,5123,6336,7161,9075,15633,10656,8560,10903,11400,4573,1027,0
2016.8.24,off,Wed,467,2616,7019,16032,14215,6898,5435,5384,6233,5368,5197,4963,6770,10322,8108,3464,2084,2411,1282,447,43
2016.8.25,on,Thu,469,978,2137,3270,2633,2636,3357,4143,5379,5210,6505,7272,9433,15143,10852,9103,11194,11095,4673,1036,0
2016.8.25,off,Thu,463,2563,7597,15021,14181,7112,5734,5021,6597,5610,5485,5507,6259,10357,8269,3666,2448,2034,1247,495,0
2016.8.26,on,Fri,493,825,1731,3220,2539,2561,3286,4321,5585,5439,6699,7552,9827,15848,11709,8622,9989,11518,6847,1767,0
2016.8.26,off,Fri,463,2425,6652,14641,14434,6855,5808,5147,6460,6155,5815,5930,6966,11724,11663,4885,3380,2975,2069,827,10
2016.8.27,on,Sat,940,975,957,1335,1766,2358,3470,4821,6004,6007,6722,8051,8903,7812,6053,5596,6624,7716,3982,16,0
2016.8.27,off,Sat,305,1199,1847,4248,7936,6408,6020,6530,8893,7511,6892,6442,7251,7491,5324,3823,3232,2300,1750,211,0
2016.8.28,on,Sun,781,786,611,903,1192,1360,1900,2542,3311,3528,4064,4786,5404,4840,3868,4293,5082,4495,1941,0,0
2016.8.28,off,Sun,164,654,903,1830,3262,3068,3626,4483,5270,4388,4144,4440,4715,4592,3065,2267,1688,1369,759,153,0
2016.8.29,on,Mon,388,867,2183,3139,2381,2175,3092,3549,4444,4738,5950,6338,8190,14270,10681,8106,9754,9637,3424,771,0
2016.8.29,off,Mon,518,2495,7657,15439,12365,5652,4983,4805,5493,4967,4771,5304,5966,8841,7027,3135,2124,1826,1054,371,0
2016.8.30,on,Tue,476,844,2147,3193,2495,2319,2903,3356,4481,4778,6127,6735,8222,14396,10703,8171,9625,9796,3707,725,0
2016.8.30,off,Tue,486,2261,7180,15190,11777,5762,4977,4443,5845,5035,5087,5157,6058,9147,7242,2932,2086,2159,1168,397,0
2016.8.31,on,Wed,445,783,1956,3108,2559,2102,2652,3273,3995,4302,5531,5836,7720,13569,10350,7670,9697,9754,4212,857,0
2016.8.31,off,Wed,439,2108,7082,14112,12575,5786,4547,4449,5061,5042,4250,4919,5792,9018,6968,3275,2367,1848,1157,401,37
2016.9.1,on,Thu,502,904,2248,3357,2610,2412,2863,3644,4910,4916,6068,6586,8740,15046,10919,8039,10375,9655,4375,902,0
2016.9.1,off,Thu,473,2658,7851,14752,13356,6213,4746,4445,5310,4545,4963,4802,6131,9887,8127,3361,2421,2221,1253,546,1
2016.9.2,on,Fri,478,910,2182,3252,2542,2504,3225,3870,5409,5296,6508,7019,9127,15507,11373,8241,10043,11413,6603,1742,0
2016.9.2,off,Fri,497,2413,7563,14438,13941,6309,5297,4638,5302,5623,5346,5453,7145,11567,11303,5238,3401,2978,1910,886,0
2016.9.3,on,Sat,811,939,945,1216,1625,2208,3187,4699,6303,6775,7670,8515,9171,8213,6096,5566,6564,7770,3921,5,0
2016.9.3,off,Sat,318,1137,1720,3917,8020,6607,6255,7236,8763,7782,6749,6249,7513,7438,5247,4130,3120,2975,1920,232,0
2016.9.4,on,Sun,740,853,657,881,1235,1347,1796,2714,3629,3838,4077,4802,5130,4873,4066,4386,4760,4463,1755,0,0
2016.9.4,off,Sun,143,700,918,1932,3627,3045,3657,4654,5370,4820,4096,4163,4608,4118,2969,2192,1820,1432,825,3,0
2016.9.5,on,Mon,369,834,2145,3366,2658,2406,3088,4149,5092,4846,6057,6203,8139,14492,11091,8281,10191,9988,3374,744,0
2016.9.5,off,Mon,528,2863,8706,16463,13571,6762,4775,4302,5110,4695,4550,4749,6079,8980,7384,2950,2318,1801,1009,361,0
2016.9.6,on,Tue,459,870,2204,3457,2680,2512,3038,3591,4876,4909,5739,6400,8364,14707,10653,8474,10388,10356,3929,783,0
2016.9.6,off,Tue,494,2699,8539,15948,13932,6533,4667,4258,5170,4510,4526,4679,5936,9423,7774,3075,2201,2003,1167,407,0
2016.9.7,on,Wed,445,853,2248,3543,2665,2367,3083,3599,4753,4840,5688,6212,8561,15148,10447,7844,10637,11104,4517,946,0
2016.9.7,off,Wed,482,2682,8393,15927,13737,5938,4760,4267,5083,4767,4563,4802,5858,10238,8344,3071,2452,2181,1195,479,0
2016.9.8,on,Thu,448,878,2260,3371,2710,2437,3044,3685,4823,4607,5751,6192,8262,14161,10324,7872,10506,11437,4693,996,0
2016.9.8,off,Thu,466,2610,8069,15760,13729,6200,4724,4040,5071,4389,4558,4711,5823,9803,8409,3371,2345,2408,1372,527,3
2016.9.9,on,Fri,467,921,2105,3331,2565,2574,3316,3948,5291,5150,6186,7066,9085,16084,11298,8412,10164,12311,7272,1953,0
2016.9.9,off,Fri,489,2523,8014,14981,14003,6349,5174,4677,5543,5283,4827,5789,6990,11694,11755,5676,3652,3375,2104,971,0
2016.9.10,on,Sat,935,970,921,1368,1682,2087,3224,4727,6303,6532,6905,8431,9148,8417,6111,5580,6640,7775,3924,8,0
2016.9.10,off,Sat,332,1200,2036,4528,8625,6623,6230,7254,8536,7546,6284,6267,7207,7255,5419,3580,3477,2610,1562,358,0
2016.9.11,on,Sun,738,809,694,867,1170,1261,1677,2429,3342,3399,3812,4523,5032,4895,4238,4042,5003,4842,1826,0,0
2016.9.11,off,Sun,162,746,1002,1997,3522,2958,3295,4629,5178,4345,3984,4154,4412,4236,2856,2188,1962,1443,815,3,0
2016.9.12,on,Mon,360,849,2011,3153,2497,2395,3217,3787,4887,4921,5798,6269,7850,13757,10591,8268,9918,10026,3940,874,0
2016.9.12,off,Mon,522,2623,8424,15303,12973,6427,4703,4480,5576,4705,4597,4925,6023,9450,7849,3222,2310,1646,1129,449,0
2016.9.13,on,Tue,455,868,1934,2933,2234,2189,3117,4173,5431,5980,7670,8968,10326,11739,7751,6523,7341,8099,3462,819,0
2016.9.13,off,Tue,462,2308,7222,13568,11798,5617,4431,4475,5424,5319,5168,5809,7098,8823,6146,3239,2384,1884,1395,573,0
2016.9.14,on,Wed,532,592,512,633,940,1080,1358,1876,2412,2316,2594,2855,3245,3392,2774,2651,2943,3310,1257,0,0
2016.9.14,off,Wed,129,615,1035,1900,3162,2566,2452,2931,2789,2835,2536,2356,2994,2613,1941,1480,1090,979,623,1,0
2016.9.15,on,Thu,278,414,464,495,524,624,769,911,1023,1111,1153,1374,1506,1635,1524,1497,1836,1897,996,0,0
2016.9.15,off,Thu,76,338,387,686,922,992,1093,1369,1565,1347,1500,1665,2158,1920,1738,1392,1239,1065,675,0,0
2016.9.16,on,Fri,311,408,350,503,725,836,1160,1782,2124,2289,2539,2905,3328,3567,2923,3080,3883,4472,2384,509,186
2016.9.16,off,Fri,99,489,905,1373,2136,2090,2379,3120,3428,3029,3173,3474,4116,3933,3081,2293,1932,1685,1074,356,151
2016.9.17,on,Sat,493,614,521,623,841,1192,1813,2722,3269,3592,3884,4548,5223,5003,3892,3938,5012,5763,3075,458,184
2016.9.17,off,Sat,213,702,967,2107,3907,3469,3591,4492,5205,4588,4186,4395,4960,5471,3750,2670,2522,1883,1426,259,71
2016.9.18,on,Sun,648,719,576,741,1005,1022,1362,2093,2579,2798,3051,3505,3834,3989,3446,3508,4216,3902,1600,0,0
2016.9.18,off,Sun,127,568,774,1368,2710,2328,2793,3408,4352,3641,3429,3753,4133,3259,2591,1984,1798,1429,774,0,0
2016.9.19,on,Mon,323,883,2185,3336,2392,2202,2979,3521,4627,4425,5720,6265,7708,14634,10898,8136,9894,9431,2937,593,0
2016.9.19,off,Mon,523,2830,8545,15849,13734,5475,4899,3927,4799,4602,4544,4579,5703,8999,6934,2986,2033,1617,926,369,0
2016.9.20,on,Tue,401,901,2269,3337,2643,2480,3008,3632,5017,4746,5929,6448,8267,14959,10799,8048,10089,9907,3634,761,0
2016.9.20,off,Tue,511,2625,8269,15715,13250,6332,5037,4233,5155,4719,4515,4635,5917,9115,7664,3112,2333,1984,1213,354,0
2016.9.21,on,Wed,407,846,2301,3481,2674,2397,3065,3781,4935,4705,5662,6198,8697,15335,10390,7917,10341,10993,4020,800,0
2016.9.21,off,Wed,498,2620,8097,15927,13325,6218,4618,4158,5310,4532,4728,4588,6159,9972,8499,3132,2329,2189,1282,467,0
2016.9.22,on,Thu,454,867,2255,3418,2767,2383,3026,3495,4784,4807,5830,6456,8287,14866,10351,8068,10193,10872,4264,942,0
2016.9.22,off,Thu,488,2526,7988,15649,12856,6390,4913,4469,5151,4591,4657,4531,6157,9465,8287,3283,2591,2364,1377,582,0
2016.9.23,on,Fri,484,917,2118,3187,2759,2534,3107,3923,5266,5231,6497,7354,9258,15951,11668,8517,9931,11619,6669,1863,0
2016.9.23,off,Fri,475,2550,7764,14303,13784,6517,5091,4577,5667,5599,5251,5607,7632,12404,11939,5430,3250,2800,2178,845,1
2016.9.24,on,Sat,820,966,948,1363,1817,2399,3542,5109,6691,6632,7726,8521,9498,8277,6213,5972,6843,8122,4032,11,0
2016.9.24,off,Sat,330,1288,1876,4345,8358,6560,6373,7006,8848,8109,6729,6816,7546,8248,5596,4249,3314,2903,1828,340,0
2016.9.25,on,Sun,812,802,661,878,1286,1351,1764,2517,3365,3658,3957,4699,5211,4924,4035,4393,5237,4743,1711,1,0
2016.9.25,off,Sun,158,722,957,1798,3636,3083,3369,4603,5455,4509,4045,4283,4735,4283,3171,2175,1872,1443,841,9,0
2016.9.26,on,Mon,371,877,2202,3426,2598,2310,3030,3613,4715,4606,5733,6225,7799,14333,10566,8202,9897,9407,3505,649,0
2016.9.26,off,Mon,516,2704,8381,15862,13221,6432,4754,3915,5184,4723,4271,4669,5493,8812,7164,2846,2149,1687,961,350,0
2016.9.27,on,Tue,408,844,2259,3479,2639,2285,3055,3482,4628,4538,5390,6050,8004,14284,10011,7739,9966,9452,3652,760,4
2016.9.27,off,Tue,503,2483,7683,15574,13133,6317,4449,3979,4661,4883,4198,4290,5360,8980,7700,2896,2174,1937,1080,325,33
2016.9.28,on,Wed,419,875,2225,3460,2478,2364,3071,3539,4634,4609,5693,6180,8465,14376,9771,7640,9989,10455,4342,908,0
2016.9.28,off,Wed,479,2455,7424,16049,12771,6324,4568,4148,4864,4954,3984,4759,6130,8954,8502,3035,2184,2102,1274,459,1
2016.9.29,on,Thu,434,872,2129,3373,2622,2294,2857,3437,4489,4555,5668,6218,8137,14035,9764,7978,10186,10533,4656,1095,2
2016.9.29,off,Thu,485,2419,7505,14911,12676,6507,4479,4324,5083,4747,4541,4401,5739,8834,8643,3491,2604,2480,1298,499,40
2016.9.30,on,Fri,443,897,2118,3113,2557,2326,3057,3739,4826,4906,6117,6873,8855,14646,10895,8254,9535,11311,6566,1788,1
2016.9.30,off,Fri,496,2328,7330,14323,12762,6048,5034,4420,5551,5199,4753,5527,6621,10855,11381,5335,3287,2930,2086,759,34
2016.10.1,on,Sat,907,1085,921,1312,1577,2264,3071,4476,5419,5731,6469,7461,8209,7260,5332,5134,6227,7532,3779,0,0
2016.10.1,off,Sat,406,1311,1819,3737,6565,5659,5480,6781,7274,7342,6050,6136,6911,7265,4996,3962,3168,2587,1899,39,0
2016.10.2,on,Sun,680,872,658,866,1158,1262,1728,2358,2893,3029,3346,3978,4501,4042,3262,3435,4239,4955,2568,0,0
2016.10.2,off,Sun,141,711,858,1610,2978,2819,2962,3738,4917,3775,3841,4000,4175,5264,3802,2572,1977,1859,1090,164,0
2016.10.3,on,Mon,551,651,578,819,962,1362,1821,2539,3640,3353,4074,4512,4990,5070,4239,4496,5363,5557,1879,0,0
2016.10.3,off,Mon,204,1129,1661,2181,3816,3279,3631,4547,5081,4274,3922,4181,5049,4422,3107,2293,1733,1512,899,1,0
2016.10.4,on,Tue,383,899,1983,3174,2822,2364,3077,3469,4581,4778,5682,6138,8109,13893,10621,8167,9610,9396,3498,608,0
2016.10.4,off,Tue,545,2860,7960,15211,14031,6091,4653,4044,4892,4848,4396,4600,5303,8538,7054,3153,2093,1824,1264,395,0
2016.10.5,on,Wed,405,899,2067,3346,2714,2450,2978,3548,4889,4592,5613,6187,7986,14320,10231,8007,10455,10662,4047,975,0
2016.10.5,off,Wed,515,2635,8149,15140,13849,6207,4694,4123,5055,4591,4589,4612,5830,9281,8067,3218,2207,1844,1164,440,0
2016.10.6,on,Thu,423,865,2163,3430,2802,2503,3029,3733,4924,4718,5755,6439,8261,14574,10351,7979,9971,10836,4620,988,0
2016.10.6,off,Thu,518,2590,8210,15282,13442,6170,4928,4270,5119,5101,4721,4937,6088,9518,8424,3313,2316,2125,1313,473,0
2016.10.7,on,Fri,493,925,2151,3324,2607,2492,3123,3919,5364,5256,6386,7606,9257,15549,10918,8241,10041,11356,6312,1790,0
2016.10.7,off,Fri,488,2590,7615,15615,13045,6641,5188,4517,5535,5435,5270,5350,6866,10613,12148,4855,3403,2640,1848,789,1
2016.10.8,on,Sat,804,1017,999,1412,1822,2502,3388,4688,5945,6509,7127,8463,9592,7849,5828,5370,6499,7607,3883,25,0
2016.10.8,off,Sat,310,1256,1752,3893,7918,6051,5945,6521,8122,8005,6116,6586,6945,7731,5214,4150,3685,2850,2501,223,0
2016.10.9,on,Sun,665,902,750,1087,1357,1371,1955,2581,3555,4092,4361,5174,5626,5330,4030,4531,4990,4855,1818,0,0
2016.10.9,off,Sun,170,776,987,1805,3513,3110,3609,4680,5463,5085,4563,4869,5059,4511,3422,2240,1662,1325,1129,2,0
2016.10.10,on,Mon,376,862,2142,3293,2719,2330,2977,3495,4773,4654,5843,6542,8287,14866,10681,7954,9858,9737,3438,673,0
2016.10.10,off,Mon,527,2756,8229,15214,14232,6224,4953,4040,5350,4730,4527,4437,5701,8639,6975,3063,2624,1882,968,380,0
2016.10.11,on,Tue,409,863,2240,3427,2753,2367,3049,3497,4915,4907,5807,6400,8464,14892,10368,7808,9960,10075,3770,748,0
2016.10.11,off,Tue,493,2556,8009,15385,13732,6258,4879,4323,5032,4721,4425,4690,5595,9186,7349,2938,2220,2304,1126,557,0
2016.10.12,on,Wed,457,892,2200,3561,2536,2406,3018,3640,4757,4631,5803,6270,8431,14641,9848,7706,10150,10311,4159,892,0
2016.10.12,off,Wed,485,2533,7788,15148,14044,5962,4614,4272,5039,4711,4470,4835,6219,9755,7482,3228,2189,1923,1173,400,0
2016.10.13,on,Thu,440,875,2228,3452,2625,2400,3023,3689,4936,4806,5838,6158,8381,14613,9842,7832,10028,10671,4488,984,0
2016.10.13,off,Thu,515,2365,7775,15219,13357,6269,4942,4294,5276,4463,4373,4808,5891,9864,7637,3362,2331,2272,1214,878,0
2016.10.14,on,Fri,470,877,2096,3356,2688,2409,3171,3882,5157,5099,6145,6904,8809,15215,10436,7866,9363,11260,6330,1584,0
2016.10.14,off,Fri,489,2373,7165,15216,13097,6425,5071,4565,5524,4859,5051,5491,6671,11361,10968,4590,2922,2862,1718,776,0
2016.10.15,on,Sat,775,921,987,1343,1594,2187,3185,4470,6033,5978,6582,7995,8536,7477,5400,5221,6482,7421,3630,13,0
2016.10.15,off,Sat,330,1369,1838,3865,7598,5854,5378,6778,7980,7219,5991,6495,7064,7388,5062,3527,3144,2387,1870,397,0
2016.10.16,on,Sun,698,821,859,967,1149,1259,1783,2831,3549,3581,3819,4588,4593,4654,3488,3899,4373,3987,1559,1,0
2016.10.16,off,Sun,140,659,946,1992,3202,2832,3250,4663,5107,4303,3843,3884,4080,3774,2637,2072,1655,1534,932,1,0
2016.10.17,on,Mon,387,817,1976,3389,2632,2167,2962,3283,4719,4512,5620,6262,8307,14327,10334,7718,9362,9224,3333,612,0
2016.10.17,off,Mon,532,2621,7862,15442,13961,6504,4577,3963,4955,4593,4468,4422,5160,7876,6676,2809,2001,2040,912,356,0
2016.10.18,on,Tue,371,864,2174,3435,2587,2388,2948,3431,4768,4717,5815,6374,8014,14322,10048,7595,9895,9625,3651,698,0
2016.10.18,off,Tue,495,2495,8292,15494,13060,6214,4863,4670,5162,4459,4113,4548,5484,8962,7319,2894,2153,1681,1038,378,0
2016.10.19,on,Wed,437,826,2124,3419,2537,2399,2924,3469,4618,4495,5682,6221,8564,14068,9841,7288,9813,10101,3914,878,2
2016.10.19,off,Wed,522,2538,7852,14908,13448,6381,4387,3982,5184,4121,4854,4482,5506,9188,7662,3109,2156,1824,1053,433,3
2016.10.20,on,Thu,380,905,2217,3362,2626,2356,2882,3630,4677,4901,5847,6204,8208,14031,10083,7675,10102,10547,4290,985,0
2016.10.20,off,Thu,490,2529,7493,14847,13437,6539,4966,4303,5309,4615,4133,4667,5846,8887,8336,3374,2239,2136,1168,493,0
2016.10.21,on,Fri,424,867,2093,3431,2730,2453,3138,3853,5029,5107,6043,7112,8748,14988,10676,7935,9424,11070,6115,1608,1
2016.10.21,off,Fri,473,2483,7362,14814,12713,6781,5120,4261,5810,5145,5160,5482,6488,11088,11017,4794,3216,2753,1741,798,2
2016.10.22,on,Sat,778,1030,966,1380,1693,2291,3298,4526,6090,6119,6684,8013,9222,7751,5296,5192,6329,7587,3786,0,0
2016.10.22,off,Sat,327,1258,1883,3751,7419,6074,5878,7065,7610,7485,6252,6336,7323,7141,5199,3473,3701,2454,1858,37,0
2016.10.23,on,Sun,692,817,718,896,1146,1360,1797,2632,3495,3687,3995,4368,4895,4518,3701,3848,4539,4116,1536,0,0
2016.10.23,off,Sun,154,691,953,1672,3234,3141,3416,4365,5367,4249,4090,4043,3995,3850,2677,2072,1666,1262,731,1,0
2016.10.24,on,Mon,345,856,2051,3269,2642,2199,2924,3366,4612,4483,5742,6196,8213,14426,10238,7878,9521,9322,3324,647,0
2016.10.24,off,Mon,521,2672,8153,15214,13840,5983,4589,4314,5080,4439,4307,4133,5695,8343,6602,2796,2124,1830,1333,387,11
2016.10.25,on,Tue,333,773,1959,3196,2643,2303,2744,3436,4520,4339,5654,6273,8095,14244,10212,7610,9860,9865,3679,782,2
2016.10.25,off,Tue,486,2297,7178,13890,14779,6669,4699,4184,5106,4525,4173,4621,5371,8906,7117,2774,2274,2021,1300,456,15
2016.10.26,on,Wed,406,817,2074,3512,2695,2402,3109,3644,4788,4754,5766,6571,8408,14697,10025,7816,10158,10481,4199,924,1
2016.10.26,off,Wed,512,2426,7298,15579,13379,6385,4663,4503,5239,4635,4439,5126,6269,9822,7608,3093,2188,2158,1119,526,7
2016.10.27,on,Thu,416,857,2135,3380,2797,2504,3094,3507,4790,4870,5780,6749,8422,14428,10489,8117,10378,10442,4606,1051,2
2016.10.27,off,Thu,522,2452,7729,15377,12982,6054,5110,4187,5226,4798,4482,4932,6537,10118,7829,3242,2564,2186,1283,489,23
2016.10.28,on,Fri,438,813,1866,3297,2884,2347,3163,3924,5118,5150,6360,6829,9129,15339,11159,8284,9813,11440,6751,1739,4
2016.10.28,off,Fri,508,2292,6674,14935,13354,6407,5007,4717,5913,5395,5084,5657,6984,11429,11044,5101,3282,2938,1985,849,23
2016.10.29,on,Sat,913,1053,1039,1424,1736,2388,3279,4727,6236,5956,6740,8021,8993,7875,5710,5858,7143,7961,4187,110,0
2016.10.29,off,Sat,412,1352,1749,3857,7142,5895,5885,6557,7882,7765,6805,6769,7783,8226,5988,4070,3666,2763,2190,337,0
2016.10.30,on,Sun,852,955,803,969,1327,1356,1734,2689,3604,3756,4026,4555,5115,4988,4162,4243,4961,4740,1694,0,0
2016.10.30,off,Sun,158,723,979,1780,3154,2966,3384,4555,5208,4823,4237,4212,5007,4638,2972,2258,1841,1411,869,1,0
2016.10.31,on,Mon,345,824,1919,3252,2561,2182,2708,3088,4145,4192,5556,5914,7782,13663,10517,7874,9496,9026,3403,686,3
2016.10.31,off,Mon,538,2374,7484,14992,12921,5799,4334,4051,4971,4248,4277,4373,5535,8124,6655,3084,2011,1988,932,342,29
